email	org	source_url	verdict	source_kind
media@aal.army	Army Applications Laboratory (AAL)	https://aal.mil/contact/	CONFIRMED	html
usarmy.apg.devcom.mbx.g3-global-enterprise@army.mil	DEVCOM	https://ac.devcom.army.mil/contact-us/	CONFIRMED	html
usarmy.apg.devcom.mbx.hq-technology-transfer@army.mil	DEVCOM	https://ac.devcom.army.mil/contact-us/	CONFIRMED	html
michael.s.lugo2.civ@army.mil	DEVCOM	https://ac.devcom.army.mil/contact-us/	CONFIRMED	html
usarmy.apg.devcom.mbx.inspector-general@army.mil	DEVCOM	https://ac.devcom.army.mil/contact-us/	CONFIRMED	html
thomas.a.moyer4.civ@army.mil	DEVCOM	https://ac.devcom.army.mil/contact-us/	CONFIRMED	html
usarmy.apg.ccdc-c5isr.mbx.pao@army.mil	DEVCOM	https://ac.devcom.army.mil/contact-us/	CONFIRMED	html
jerome.aliotta.civ@army.mil	DEVCOM	https://ac.devcom.army.mil/contact-us/	CONFIRMED	html
jennifer.j.ivey-harper.civ@army.mil	DEVCOM	https://ac.devcom.army.mil/contact-us/	CONFIRMED	html
kyle.w.bond.civ@army.mil	DEVCOM	https://ac.devcom.army.mil/contact-us/	CONFIRMED	html
usarmy.apg.ccdc-dac.mbx.public-affairs@army.mil	DEVCOM	https://ac.devcom.army.mil/contact-us/	CONFIRMED	html
AFRL.PA.Inquiry@us.af.mil	USAF (AFWERX/SpaceWERX)	https://afwerx.com/contact/	CONFIRMED	html
afrl.rgv.SBIRSTTR@us.af.mil	AFWERX / AFVentures / SpaceWERX	https://afwerx.com/get-funded/	CONFIRMED	html
usarmy.redstone.amcom.list.osbp-all@army.mil	U.S. Army - Alabama	https://api.army.mil/e2/c/downloads/2026/07/23/9827ee0c/army-small-business-offices-by-state.pdf	CONFIRMED	html
usarmy.redstone.acc.mbx.acc-sb@army.mil	U.S. Army - Alabama	https://api.army.mil/e2/c/downloads/2026/07/23/9827ee0c/army-small-business-offices-by-state.pdf	CONFIRMED	html
usarmy.jbsa.acc-micc.list.hq-sbs-rucker@army.mil	U.S. Army - Alabama	https://api.army.mil/e2/c/downloads/2026/07/23/9827ee0c/army-small-business-offices-by-state.pdf	CONFIRMED	html
ng.co.coarng.list.uspfo-pc@army.mil	U.S. Army - Alabama	https://api.army.mil/e2/c/downloads/2026/07/23/9827ee0c/army-small-business-offices-by-state.pdf	CONFIRMED	html
usarmy.redstone.smdc.mbx.small-business-office@army.mil	U.S. Army - Alabama	https://api.army.mil/e2/c/downloads/2026/07/23/9827ee0c/army-small-business-offices-by-state.pdf	CONFIRMED	html
ng.ak.akarng.mbx.uspfo-purchasing-contracting@army.mil	U.S. Army - Alaska	https://api.army.mil/e2/c/downloads/2026/07/23/9827ee0c/army-small-business-offices-by-state.pdf	CONFIRMED	html
sb.poa@usace.army.mil	U.S. Army - Alaska	https://api.army.mil/e2/c/downloads/2026/07/23/9827ee0c/army-small-business-offices-by-state.pdf	CONFIRMED	html
usarmy.jbsa.acc-micc.list.hq-sbs-irwin@army.mil	U.S. Army - Arizona	https://api.army.mil/e2/c/downloads/2026/07/23/9827ee0c/army-small-business-offices-by-state.pdf	CONFIRMED	html
usarmy.jbsa.acc-micc.list.hq-sbs-ypg@army.mil	U.S. Army - Arizona	https://api.army.mil/e2/c/downloads/2026/07/23/9827ee0c/army-small-business-offices-by-state.pdf	CONFIRMED	html
dll-ceswldeputyforsmallbusiness@usace.army.mil	U.S. Army - Arkansas	https://api.army.mil/e2/c/downloads/2026/07/23/9827ee0c/army-small-business-offices-by-state.pdf	CONFIRMED	html
splsmallbusiness@usace.army.mil	U.S. Army - California	https://api.army.mil/e2/c/downloads/2026/07/23/9827ee0c/army-small-business-offices-by-state.pdf	CONFIRMED	html
usarmy.jbsa.acc-micc.list.hq-sbs-carson@army.mil	U.S. Army - Colorado	https://api.army.mil/e2/c/downloads/2026/07/23/9827ee0c/army-small-business-offices-by-state.pdf	CONFIRMED	html
ng.de.dearng.list.uspfo-contracting@army.mil	U.S. Army - Delaware	https://api.army.mil/e2/c/downloads/2026/07/23/9827ee0c/army-small-business-offices-by-state.pdf	CONFIRMED	html
usarmy.orlando.peo-stri.list.office-of-small-business-programs@army.mil	U.S. Army - Florida	https://api.army.mil/e2/c/downloads/2026/07/23/9827ee0c/army-small-business-offices-by-state.pdf	CONFIRMED	html
usarmy.jbsa.acc-micc.list.hq-sbs-stewart@army.mil	U.S. Army - Georgia	https://api.army.mil/e2/c/downloads/2026/07/23/9827ee0c/army-small-business-offices-by-state.pdf	CONFIRMED	html
usarmy.jbsa.acc-micc.list.hq-sbs-benning@army.mil	U.S. Army - Georgia	https://api.army.mil/e2/c/downloads/2026/07/23/9827ee0c/army-small-business-offices-by-state.pdf	CONFIRMED	html
usarmy.jbsa.acc-micc.list.hq-sbs-gordon@army.mil	U.S. Army - Georgia	https://api.army.mil/e2/c/downloads/2026/07/23/9827ee0c/army-small-business-offices-by-state.pdf	CONFIRMED	html
ng.ga.gaarng.list.ngga-uspfo-contracting-acl@army.mil	U.S. Army - Georgia	https://api.army.mil/e2/c/downloads/2026/07/23/9827ee0c/army-small-business-offices-by-state.pdf	CONFIRMED	html
ng.gu.guarng.list.uspfo-purchasing-and-contracting@army.mil	U.S. Army - Guam	https://api.army.mil/e2/c/downloads/2026/07/23/9827ee0c/army-small-business-offices-by-state.pdf	CONFIRMED	html
ng.hi.hiarng.list.nghi-staff-uspfo2@mail.mil	U.S. Army - Hawaii	https://api.army.mil/e2/c/downloads/2026/07/23/9827ee0c/army-small-business-offices-by-state.pdf	CONFIRMED	html
sb.poh@usace.army.mil	U.S. Army - Hawaii	https://api.army.mil/e2/c/downloads/2026/07/23/9827ee0c/army-small-business-offices-by-state.pdf	CONFIRMED	html
usarmy.ria.asc.mbx.sb@army.mil	U.S. Army - Illinois	https://api.army.mil/e2/c/downloads/2026/07/23/9827ee0c/army-small-business-offices-by-state.pdf	CONFIRMED	html
ng.il.ilarng.list.staff-uspfo@army.mil	U.S. Army - Illinois	https://api.army.mil/e2/c/downloads/2026/07/23/9827ee0c/army-small-business-offices-by-state.pdf	CONFIRMED	html
lrc.sbo@usace.army.mil	U.S. Army - Illinois	https://api.army.mil/e2/c/downloads/2026/07/23/9827ee0c/army-small-business-offices-by-state.pdf	CONFIRMED	html
cemvr-sb-web@usace.army.mil	U.S. Army - Illinois	https://api.army.mil/e2/c/downloads/2026/07/23/9827ee0c/army-small-business-offices-by-state.pdf	CONFIRMED	html
ng.id.idarng.list.ngid-uspfo-contracting@army.mil	U.S. Army - Indiana	https://api.army.mil/e2/c/downloads/2026/07/23/9827ee0c/army-small-business-offices-by-state.pdf	CONFIRMED	html
usarmy.jbsa.acc-micc.list.hq-sbs-riley@army.mil	U.S. Army - Kansas	https://api.army.mil/e2/c/downloads/2026/07/23/9827ee0c/army-small-business-offices-by-state.pdf	CONFIRMED	html
usarmy.jbsa.acc-micc.list.hq-sbs-leavenworth@army.mil	U.S. Army - Kansas	https://api.army.mil/e2/c/downloads/2026/07/23/9827ee0c/army-small-business-offices-by-state.pdf	CONFIRMED	html
usarmy.jbsa.acc-micc.list.hq-sbs-campbell@army.mil	U.S. Army - Kentucky	https://api.army.mil/e2/c/downloads/2026/07/23/9827ee0c/army-small-business-offices-by-state.pdf	CONFIRMED	html
usarmy.jbsa.acc-micc.list.hq-sbs-knox@army.mil	U.S. Army - Kentucky	https://api.army.mil/e2/c/downloads/2026/07/23/9827ee0c/army-small-business-offices-by-state.pdf	CONFIRMED	html
ng.ky.kyarng.list.uspfo-purchasiand-contracting-ngb-nested@army.mil	U.S. Army - Kentucky	https://api.army.mil/e2/c/downloads/2026/07/23/9827ee0c/army-small-business-offices-by-state.pdf	CONFIRMED	html
usarmy.jbsa.acc-micc.list.hq-sbs-polk@army.mil	U.S. Army - Louisiana	https://api.army.mil/e2/c/downloads/2026/07/23/9827ee0c/army-small-business-offices-by-state.pdf	CONFIRMED	html
ng.la.laarng.mbx.uspfo-purchasing-and-contracting@army.mil	U.S. Army - Louisiana	https://api.army.mil/e2/c/downloads/2026/07/23/9827ee0c/army-small-business-offices-by-state.pdf	CONFIRMED	html
sbo-lrl@usace.army.mil	U.S. Army - Louisiana	https://api.army.mil/e2/c/downloads/2026/07/23/9827ee0c/army-small-business-offices-by-state.pdf	CONFIRMED	html
usarmy.apg.cecom.mbx.small-business-outreach@army.mil	U.S. Army - Maryland	https://api.army.mil/e2/c/downloads/2026/07/23/9827ee0c/army-small-business-offices-by-state.pdf	CONFIRMED	html
ng.md.mdarng.list.uspfo-arpc@army.mil	U.S. Army - Maryland	https://api.army.mil/e2/c/downloads/2026/07/23/9827ee0c/army-small-business-offices-by-state.pdf	CONFIRMED	html
ngma-uspfo-contracting@army.mil	U.S. Army - Massachusetts	https://api.army.mil/e2/c/downloads/2026/07/23/9827ee0c/army-small-business-offices-by-state.pdf	CONFIRMED	html
ng.mi.miarng.mbx.uspfo-pc@army.mil	U.S. Army - Michigan	https://api.army.mil/e2/c/downloads/2026/07/23/9827ee0c/army-small-business-offices-by-state.pdf	CONFIRMED	html
usarmy.detroit.tacom.mbx.lcmc-osbp@army.mil	U.S. Army - Michigan	https://api.army.mil/e2/c/downloads/2026/07/23/9827ee0c/army-small-business-offices-by-state.pdf	CONFIRMED	html
lre.sbo@usace.army.mil	U.S. Army - Michigan	https://api.army.mil/e2/c/downloads/2026/07/23/9827ee0c/army-small-business-offices-by-state.pdf	CONFIRMED	html
sbo-mvp@usace.army.mil	U.S. Army - Minnesota	https://api.army.mil/e2/c/downloads/2026/07/23/9827ee0c/army-small-business-offices-by-state.pdf	CONFIRMED	html
ng.ms.msarng.mbx.uspfo-purchasing-and-contracting@army.mil	U.S. Army - Mississippi	https://api.army.mil/e2/c/downloads/2026/07/23/9827ee0c/army-small-business-offices-by-state.pdf	CONFIRMED	html
sbo-mvk@usace.army.mil	U.S. Army - Mississippi	https://api.army.mil/e2/c/downloads/2026/07/23/9827ee0c/army-small-business-offices-by-state.pdf	CONFIRMED	html
usarmy.jbsa.acc-micc.list.hq-sbs-leonardwood@army.mil	U.S. Army - Missouri	https://api.army.mil/e2/c/downloads/2026/07/23/9827ee0c/army-small-business-offices-by-state.pdf	CONFIRMED	html
ng.mo.moarng.mbx.uspfo-contracting@army.mil	U.S. Army - Missouri	https://api.army.mil/e2/c/downloads/2026/07/23/9827ee0c/army-small-business-offices-by-state.pdf	CONFIRMED	html
cemvs-sbo@usace.army.mil	U.S. Army - Missouri	https://api.army.mil/e2/c/downloads/2026/07/23/9827ee0c/army-small-business-offices-by-state.pdf	CONFIRMED	html
ngmt-arng-pandc@army.mil	U.S. Army - Montana	https://api.army.mil/e2/c/downloads/2026/07/23/9827ee0c/army-small-business-offices-by-state.pdf	CONFIRMED	html
cenwo-sb@usace.army.mil	U.S. Army - Nebraska	https://api.army.mil/e2/c/downloads/2026/07/23/9827ee0c/army-small-business-offices-by-state.pdf	CONFIRMED	html
ng.nh.nharng.list.contracting-office@mail.mil	U.S. Army - New Hampshire	https://api.army.mil/e2/c/downloads/2026/07/23/9827ee0c/army-small-business-offices-by-state.pdf	CONFIRMED	html
usarmy.pica.acc.mbx.acc-nj-sbo@army.mil	U.S. Army - New Jersey	https://api.army.mil/e2/c/downloads/2026/07/23/9827ee0c/army-small-business-offices-by-state.pdf	CONFIRMED	html
ng.nj.njarng.mbx.uspfo-purchasing-and-contracting@army.mil	U.S. Army - New Jersey	https://api.army.mil/e2/c/downloads/2026/07/23/9827ee0c/army-small-business-offices-by-state.pdf	CONFIRMED	html
albuquerque.smallbusiness@usace.army.mil	U.S. Army - New Mexico	https://api.army.mil/e2/c/downloads/2026/07/23/9827ee0c/army-small-business-offices-by-state.pdf	CONFIRMED	html
usarmy.jbsa.acc-micc.list.hq-sbs-drum@army.mil	U.S. Army - New York	https://api.army.mil/e2/c/downloads/2026/07/23/9827ee0c/army-small-business-offices-by-state.pdf	CONFIRMED	html
usarmy.jbsa.acc-micc.list.hq-sbs-westpoint@army.mil	U.S. Army - New York	https://api.army.mil/e2/c/downloads/2026/07/23/9827ee0c/army-small-business-offices-by-state.pdf	CONFIRMED	html
scs-ny@army.mil	U.S. Army - New York	https://api.army.mil/e2/c/downloads/2026/07/23/9827ee0c/army-small-business-offices-by-state.pdf	CONFIRMED	html
lrp.sbo@usace.army.mil	U.S. Army - New York	https://api.army.mil/e2/c/downloads/2026/07/23/9827ee0c/army-small-business-offices-by-state.pdf	CONFIRMED	html
usarmy.jbsa.acc-micc.list.hq-sbs-bragg@army.mil	U.S. Army - North Carolina	https://api.army.mil/e2/c/downloads/2026/07/23/9827ee0c/army-small-business-offices-by-state.pdf	CONFIRMED	html
ng.nd.ndarng.list.pc@army.mil	U.S. Army - North Dakota	https://api.army.mil/e2/c/downloads/2026/07/23/9827ee0c/army-small-business-offices-by-state.pdf	CONFIRMED	html
ng.oh.oharng.list.uspfo-purchasing-and-contracting-office@army.mil	U.S. Army - Ohio	https://api.army.mil/e2/c/downloads/2026/07/23/9827ee0c/army-small-business-offices-by-state.pdf	CONFIRMED	html
usarmy.jbsa.acc-micc.list.hq-sbs-sill@army.mil	U.S. Army - Oklahoma	https://api.army.mil/e2/c/downloads/2026/07/23/9827ee0c/army-small-business-offices-by-state.pdf	CONFIRMED	html
ng.ok.okarng.mesg.j8-contracting@army.mil	U.S. Army - Oklahoma	https://api.army.mil/e2/c/downloads/2026/07/23/9827ee0c/army-small-business-offices-by-state.pdf	CONFIRMED	html
ceswt-osbp@usace.army.mil	U.S. Army - Oklahoma	https://api.army.mil/e2/c/downloads/2026/07/23/9827ee0c/army-small-business-offices-by-state.pdf	CONFIRMED	html
ng.or.orarng.mbx.j8-pandc@army.mil	U.S. Army - Oregon	https://api.army.mil/e2/c/downloads/2026/07/23/9827ee0c/army-small-business-offices-by-state.pdf	CONFIRMED	html
cenwp-sb@usace.army.mil	U.S. Army - Oregon	https://api.army.mil/e2/c/downloads/2026/07/23/9827ee0c/army-small-business-offices-by-state.pdf	CONFIRMED	html
usarmy.jbsa.acc-micc.list.hq-sbs-carlisle@army.mil	U.S. Army - Pennsylvania	https://api.army.mil/e2/c/downloads/2026/07/23/9827ee0c/army-small-business-offices-by-state.pdf	CONFIRMED	html
ng.pa.paarng.list.staff-uspfo-p-c@army.mil	U.S. Army - Pennsylvania	https://api.army.mil/e2/c/downloads/2026/07/23/9827ee0c/army-small-business-offices-by-state.pdf	CONFIRMED	html
cenap-sb@usace.army.mil	U.S. Army - Pennsylvania	https://api.army.mil/e2/c/downloads/2026/07/23/9827ee0c/army-small-business-offices-by-state.pdf	CONFIRMED	html
ng.ri.riarng.list.staff-pandc@army.mil	U.S. Army - Rhode Island	https://api.army.mil/e2/c/downloads/2026/07/23/9827ee0c/army-small-business-offices-by-state.pdf	CONFIRMED	html
usarmy.jbsa.acc-micc.list.hq-sbs-jackson@army.mil	U.S. Army - South Carolina	https://api.army.mil/e2/c/downloads/2026/07/23/9827ee0c/army-small-business-offices-by-state.pdf	CONFIRMED	html
cesac-sb@usace.army.mil	U.S. Army - South Carolina	https://api.army.mil/e2/c/downloads/2026/07/23/9827ee0c/army-small-business-offices-by-state.pdf	CONFIRMED	html
mvm_smallbusinessprograms@usace.army.mil	U.S. Army - Tennessee	https://api.army.mil/e2/c/downloads/2026/07/23/9827ee0c/army-small-business-offices-by-state.pdf	CONFIRMED	html
sbo-lrd@usace.army.mil	U.S. Army - Tennessee	https://api.army.mil/e2/c/downloads/2026/07/23/9827ee0c/army-small-business-offices-by-state.pdf	CONFIRMED	html
usarmy.jbsa.acc-micc.list.hq-sbs-bliss@army.mil	U.S. Army - Texas	https://api.army.mil/e2/c/downloads/2026/07/23/9827ee0c/army-small-business-offices-by-state.pdf	CONFIRMED	html
usarmy.jbsa.acc-micc.list.hq-sbs-hood@army.mil	U.S. Army - Texas	https://api.army.mil/e2/c/downloads/2026/07/23/9827ee0c/army-small-business-offices-by-state.pdf	CONFIRMED	html
usarmy.jbsa.acc-micc.list.hq-sbs-fsh@army.mil	U.S. Army - Texas	https://api.army.mil/e2/c/downloads/2026/07/23/9827ee0c/army-small-business-offices-by-state.pdf	CONFIRMED	html
usarmy.jbsa.acc-micc.list.hq-sbs-irc@army.mil	U.S. Army - Texas	https://api.army.mil/e2/c/downloads/2026/07/23/9827ee0c/army-small-business-offices-by-state.pdf	CONFIRMED	html
ceswfddsa@usace.army.mil	U.S. Army - Texas	https://api.army.mil/e2/c/downloads/2026/07/23/9827ee0c/army-small-business-offices-by-state.pdf	CONFIRMED	html
swg-sb@usace.army.mil	U.S. Army - Texas	https://api.army.mil/e2/c/downloads/2026/07/23/9827ee0c/army-small-business-offices-by-state.pdf	CONFIRMED	html
usarmy.jbsa.acc-micc.list.hq-sbs-dpg@army.mil	U.S. Army - Utah	https://api.army.mil/e2/c/downloads/2026/07/23/9827ee0c/army-small-business-offices-by-state.pdf	CONFIRMED	html
ngut-pc@army.mil	U.S. Army - Utah	https://api.army.mil/e2/c/downloads/2026/07/23/9827ee0c/army-small-business-offices-by-state.pdf	CONFIRMED	html
usarmy.jbsa.acc-micc.list.hq-sbs-eustis@army.mil	U.S. Army - Virginia	https://api.army.mil/e2/c/downloads/2026/07/23/9827ee0c/army-small-business-offices-by-state.pdf	CONFIRMED	html
usarmy.jbsa.acc-micc.list.hq-sbs-lee@army.mil	U.S. Army - Virginia	https://api.army.mil/e2/c/downloads/2026/07/23/9827ee0c/army-small-business-offices-by-state.pdf	CONFIRMED	html
usarmy.jbsa.acc-micc.list.hq-sbs-belvoir@army.mil	U.S. Army - Virginia	https://api.army.mil/e2/c/downloads/2026/07/23/9827ee0c/army-small-business-offices-by-state.pdf	CONFIRMED	html
vaarngg8aso@army.mil	U.S. Army - Virginia	https://api.army.mil/e2/c/downloads/2026/07/23/9827ee0c/army-small-business-offices-by-state.pdf	CONFIRMED	html
agc-sb-forum@usace.army.mil	U.S. Army - Virginia	https://api.army.mil/e2/c/downloads/2026/07/23/9827ee0c/army-small-business-offices-by-state.pdf	CONFIRMED	html
hecsasmallbusinessprogram@usace.army.mil	U.S. Army - Virginia	https://api.army.mil/e2/c/downloads/2026/07/23/9827ee0c/army-small-business-offices-by-state.pdf	CONFIRMED	html
usarmy.jbsa.acc-micc.list.hq-sbs-jblm@army.mil	U.S. Army - Washington	https://api.army.mil/e2/c/downloads/2026/07/23/9827ee0c/army-small-business-offices-by-state.pdf	CONFIRMED	html
usarmy.jbsa.acc-micc.list.hq-sbs-mccoy@army.mil	U.S. Army - Washington	https://api.army.mil/e2/c/downloads/2026/07/23/9827ee0c/army-small-business-offices-by-state.pdf	CONFIRMED	html
ng.wa.waarng.list.pnc@army.mil	U.S. Army - Washington	https://api.army.mil/e2/c/downloads/2026/07/23/9827ee0c/army-small-business-offices-by-state.pdf	CONFIRMED	html
ngwv-pfo-pc@army.mil	U.S. Army - West Virginia	https://api.army.mil/e2/c/downloads/2026/07/23/9827ee0c/army-small-business-offices-by-state.pdf	CONFIRMED	html
lrh.small.business@usace.army.mil	U.S. Army - West Virginia	https://api.army.mil/e2/c/downloads/2026/07/23/9827ee0c/army-small-business-offices-by-state.pdf	CONFIRMED	html
ng.wi.wiarng.list.wpfo-p@army.mil	U.S. Army - Wisconsin	https://api.army.mil/e2/c/downloads/2026/07/23/9827ee0c/army-small-business-offices-by-state.pdf	CONFIRMED	html
lori.haozous@domail.maricopa.edu	Arizona APEX Accelerator	https://arizonaapex.org/contact	CONFIRMED	html
nichole.jackson@domail.maricopa.edu	Arizona APEX Accelerator	https://arizonaapex.org/contact	CONFIRMED	html
osd.business.defense@mail.mil	404 Error Page	https://business.defense.gov/Contact/	CONFIRMED	html
smallbusinesscenterinbox@dcma.mil	Defense Contract Management Agency (DCMA)	https://business.defense.gov/Work-with-us/Federal-Small-Business-Offices/	CONFIRMED	html
disa.meade.osbp.mbx.disa-small-business-office@mail.mil	Defense Information Systems Agency (DISA)	https://business.defense.gov/Work-with-us/Federal-Small-Business-Offices/	CONFIRMED	html
greg.davis@dmea.osd.mil	Defense Microelectronics Activity (DMEA)	https://business.defense.gov/Work-with-us/Federal-Small-Business-Offices/	CONFIRMED	html
answerdesk@airforcesmallbiz.org	Department of the Air Force	https://business.defense.gov/Work-with-us/Federal-Small-Business-Offices/	CONFIRMED	html
OSBP.info@navy.mil	Department of the Navy	https://business.defense.gov/Work-with-us/Federal-Small-Business-Offices/	CONFIRMED	html
asbpolicy@fdic.gov	Federal Small Business Offices	https://business.defense.gov/Work-with-us/Federal-Small-Business-Offices/	CONFIRMED	html
smallbusiness@nasa.gov	Federal Small Business Offices	https://business.defense.gov/Work-with-us/Federal-Small-Business-Offices/	CONFIRMED	html
OSDBU@nsf.gov	Federal Small Business Offices	https://business.defense.gov/Work-with-us/Federal-Small-Business-Offices/	CONFIRMED	html
smallbusiness@nrc.gov	Federal Small Business Offices	https://business.defense.gov/Work-with-us/Federal-Small-Business-Offices/	CONFIRMED	html
sdphelp@si.edu	Federal Small Business Offices	https://business.defense.gov/Work-with-us/Federal-Small-Business-Offices/	CONFIRMED	html
smallbusiness@ssa.gov	Federal Small Business Offices	https://business.defense.gov/Work-with-us/Federal-Small-Business-Offices/	CONFIRMED	html
osdbu@usaid.gov	Federal Small Business Offices	https://business.defense.gov/Work-with-us/Federal-Small-Business-Offices/	CONFIRMED	html
OSDBU@doc.gov	Federal Small Business Offices	https://business.defense.gov/Work-with-us/Federal-Small-Business-Offices/	CONFIRMED	html
small.business@ed.gov	Federal Small Business Offices	https://business.defense.gov/Work-with-us/Federal-Small-Business-Offices/	CONFIRMED	html
smallbusiness@hq.doe.gov	Federal Small Business Offices	https://business.defense.gov/Work-with-us/Federal-Small-Business-Offices/	CONFIRMED	html
sbmail@hhs.gov	Federal Small Business Offices	https://business.defense.gov/Work-with-us/Federal-Small-Business-Offices/	CONFIRMED	html
DHSOSDBU@hq.dhs.gov	Federal Small Business Offices	https://business.defense.gov/Work-with-us/Federal-Small-Business-Offices/	CONFIRMED	html
Karen.A.NewtonCole@hud.gov	Federal Small Business Offices	https://business.defense.gov/Work-with-us/Federal-Small-Business-Offices/	CONFIRMED	html
DOI_OSDBU@iosl.doi.gov	Federal Small Business Offices	https://business.defense.gov/Work-with-us/Federal-Small-Business-Offices/	CONFIRMED	html
robert.l.connolly@usdoj.gov	Federal Small Business Offices	https://business.defense.gov/Work-with-us/Federal-Small-Business-Offices/	CONFIRMED	html
osdbu@dol.gov	Federal Small Business Offices	https://business.defense.gov/Work-with-us/Federal-Small-Business-Offices/	CONFIRMED	html
smallbusiness@state.gov	Federal Small Business Offices	https://business.defense.gov/Work-with-us/Federal-Small-Business-Offices/	CONFIRMED	html
devera.redmond@dot.gov	Federal Small Business Offices	https://business.defense.gov/Work-with-us/Federal-Small-Business-Offices/	CONFIRMED	html
osdbu@va.gov	Federal Small Business Offices	https://business.defense.gov/Work-with-us/Federal-Small-Business-Offices/	CONFIRMED	html
small.business@opm.gov	Federal Small Business Offices	https://business.defense.gov/Work-with-us/Federal-Small-Business-Offices/	CONFIRMED	html
business@.usps.gov	Federal Small Business Offices	https://business.defense.gov/Work-with-us/Federal-Small-Business-Offices/	CONFIRMED	html
osd.pentagon.ousd-atl.mbx.osbp-info@mail.mil	Office of the Secretary of Defense	https://business.defense.gov/Work-with-us/Federal-Small-Business-Offices/	CONFIRMED	html
usarmy.pittsburgh-pa.ai2c.mbx.ai2c-business-inquiries@army.mil	Army AI2C	https://devcom.army.mil/contact-us/	CONFIRMED	html
AI2C_Visits_Events_Request@army.mil	Army AI2C	https://devcom.army.mil/contact-us/	CONFIRMED	html
usarmy.apg.devcom.mbx.public-affairs-office@army.mil	DEVCOM	https://devcom.army.mil/contact-us/	CONFIRMED	html
usarmy.apg.devcom-hq.mbx.congressional-affairs@army.mil	DEVCOM	https://devcom.army.mil/contact-us/	CONFIRMED	html
public_affairs@arl.army.mil	DEVCOM	https://devcom.army.mil/contact-us/	CONFIRMED	html
usarmy.apg.devcom-c5isr.mbx.pao@army.mil	DEVCOM	https://devcom.army.mil/contact-us/	CONFIRMED	html
usarmy.cbc.techtransfer@army.mil	DEVCOM	https://devcom.army.mil/contact-us/	CONFIRMED	html
GVSC_Public_Affairs@army.mil	DEVCOM	https://devcom.army.mil/contact-us/	CONFIRMED	html
usarmy.natick.devcom-sc.mbx.public-affairs@army.mil	DEVCOM	https://devcom.army.mil/contact-us/	CONFIRMED	html
usarmy.pica.devcom-ac.mbx.picatinny-public-affairs@army.mil	DEVCOM	https://devcom.army.mil/contact-us/	CONFIRMED	html
usarmy.redstone.ccdc-avmc.mbx.orta@army.mil	DEVCOM	https://devcom.army.mil/contact-us/	CONFIRMED	html
DEVCOM_Partnerships@army.mil	DEVCOM	https://devcom.army.mil/partner-with-us/	CONFIRMED	html
SPARX@army.mil	DEVCOM	https://devcom.army.mil/partner-with-us/	CONFIRMED	html
jill.kenney@accenturefederal.com	Accenture Federal Services	https://doingbusiness.msfc.nasa.gov/documents/3128625/3185451/MPCSC_Members_List.pdf	CONFIRMED	pdf
ellisa.wright@accenturefederal.com	Accenture Federal Services	https://doingbusiness.msfc.nasa.gov/documents/3128625/3185451/MPCSC_Members_List.pdf	CONFIRMED	pdf
jerrilynne.g.huffman@nasa.gov	Amentum	https://doingbusiness.msfc.nasa.gov/documents/3128625/3185451/MPCSC_Members_List.pdf	CONFIRMED	pdf
rochelle.lowe@amentum.com	Amentum	https://doingbusiness.msfc.nasa.gov/documents/3128625/3185451/MPCSC_Members_List.pdf	CONFIRMED	pdf
chalaun.t.allen@nasa.gov	Amentum	https://doingbusiness.msfc.nasa.gov/documents/3128625/3185451/MPCSC_Members_List.pdf	CONFIRMED	pdf
joann.v.belt@nasa.gov	Amentum (formerly Jacobs)	https://doingbusiness.msfc.nasa.gov/documents/3128625/3185451/MPCSC_Members_List.pdf	CONFIRMED	pdf
genevieve.burkett@astrion.us	Astrion	https://doingbusiness.msfc.nasa.gov/documents/3128625/3185451/MPCSC_Members_List.pdf	CONFIRMED	pdf
Shannon.Price@astrion.us	Astrion	https://doingbusiness.msfc.nasa.gov/documents/3128625/3185451/MPCSC_Members_List.pdf	CONFIRMED	pdf
kay.johnson@axientcorp.com	Astrion	https://doingbusiness.msfc.nasa.gov/documents/3128625/3185451/MPCSC_Members_List.pdf	CONFIRMED	pdf
jon.sharpe@axientcorp.com	Astrion	https://doingbusiness.msfc.nasa.gov/documents/3128625/3185451/MPCSC_Members_List.pdf	CONFIRMED	pdf
rlrobert@auburn.edu	Auburn University Huntsville Research Center	https://doingbusiness.msfc.nasa.gov/documents/3128625/3185451/MPCSC_Members_List.pdf	CONFIRMED	pdf
vrk0002@auburn.edu	Auburn University Huntsville Research Center	https://doingbusiness.msfc.nasa.gov/documents/3128625/3185451/MPCSC_Members_List.pdf	CONFIRMED	pdf
lori.crump@bluehalo.com	AV - formerly Blue Halo	https://doingbusiness.msfc.nasa.gov/documents/3128625/3185451/MPCSC_Members_List.pdf	CONFIRMED	pdf
alicia.hyde@bluehalo.com	AV - formerly Blue Halo	https://doingbusiness.msfc.nasa.gov/documents/3128625/3185451/MPCSC_Members_List.pdf	CONFIRMED	pdf
marquis.white@baesystems.us	BAE Systems Inc., Space & Mission Systems Sector	https://doingbusiness.msfc.nasa.gov/documents/3128625/3185451/MPCSC_Members_List.pdf	CONFIRMED	pdf
pam.byrd@baesystems.us	BAE Systems Inc., Space & Mission Systems Sector	https://doingbusiness.msfc.nasa.gov/documents/3128625/3185451/MPCSC_Members_List.pdf	CONFIRMED	pdf
David.wallace@bargedesign.com	Barge Design Solutions	https://doingbusiness.msfc.nasa.gov/documents/3128625/3185451/MPCSC_Members_List.pdf	CONFIRMED	pdf
scott.degaro@bargedesign.com	Barge Design Solutions	https://doingbusiness.msfc.nasa.gov/documents/3128625/3185451/MPCSC_Members_List.pdf	CONFIRMED	pdf
chris.brown@bargedesign.com	Barge Design Solutions	https://doingbusiness.msfc.nasa.gov/documents/3128625/3185451/MPCSC_Members_List.pdf	CONFIRMED	pdf
wtfrankl@Bechtel.com	Bechtel Corporation	https://doingbusiness.msfc.nasa.gov/documents/3128625/3185451/MPCSC_Members_List.pdf	CONFIRMED	pdf
sjschwis@bechtel.us	Bechtel Corporation	https://doingbusiness.msfc.nasa.gov/documents/3128625/3185451/MPCSC_Members_List.pdf	CONFIRMED	pdf
mfernandez2@blueorigin.com	Blue Origin	https://doingbusiness.msfc.nasa.gov/documents/3128625/3185451/MPCSC_Members_List.pdf	CONFIRMED	pdf
CRamsay@blueorigin.com	Blue Origin	https://doingbusiness.msfc.nasa.gov/documents/3128625/3185451/MPCSC_Members_List.pdf	CONFIRMED	pdf
bradley.p.bruce@boeing.com	Boeing Company (BDS)	https://doingbusiness.msfc.nasa.gov/documents/3128625/3185451/MPCSC_Members_List.pdf	CONFIRMED	pdf
toni.b.hall@boeing.com	Boeing Company (BDS)	https://doingbusiness.msfc.nasa.gov/documents/3128625/3185451/MPCSC_Members_List.pdf	CONFIRMED	pdf
Taylor.beitler@boeing.com	Boeing Company (BDS)	https://doingbusiness.msfc.nasa.gov/documents/3128625/3185451/MPCSC_Members_List.pdf	CONFIRMED	pdf
alford_brian@bah.com	Booz Allen Hamilton	https://doingbusiness.msfc.nasa.gov/documents/3128625/3185451/MPCSC_Members_List.pdf	CONFIRMED	pdf
yadira.beltre@caci.com	CACI International	https://doingbusiness.msfc.nasa.gov/documents/3128625/3185451/MPCSC_Members_List.pdf	CONFIRMED	pdf
charles.e.bray@jpl.nasa.gov	Cal Tech / Jet Prop Lab	https://doingbusiness.msfc.nasa.gov/documents/3128625/3185451/MPCSC_Members_List.pdf	CONFIRMED	pdf
Matthew.B.Christian@jpl.nasa.gov	Cal Tech / Jet Prop Lab	https://doingbusiness.msfc.nasa.gov/documents/3128625/3185451/MPCSC_Members_List.pdf	CONFIRMED	pdf
Anmari.Pagtalunan@jpl.nasa.gov	Cal Tech / Jet Prop Lab	https://doingbusiness.msfc.nasa.gov/documents/3128625/3185451/MPCSC_Members_List.pdf	CONFIRMED	pdf
randy.harris@cdwg.com	CDW-G	https://doingbusiness.msfc.nasa.gov/documents/3128625/3185451/MPCSC_Members_List.pdf	CONFIRMED	pdf
mecarstens@aeyon.us	CGI (formerly Aeyon)	https://doingbusiness.msfc.nasa.gov/documents/3128625/3185451/MPCSC_Members_List.pdf	CONFIRMED	pdf
sweis@aeyon.us	CGI (formerly Aeyon)	https://doingbusiness.msfc.nasa.gov/documents/3128625/3185451/MPCSC_Members_List.pdf	CONFIRMED	pdf
cbone@aeyon.us	CGI (formerly Aeyon)	https://doingbusiness.msfc.nasa.gov/documents/3128625/3185451/MPCSC_Members_List.pdf	CONFIRMED	pdf
khefner@aeyon.us	CGI (formerly Aeyon)	https://doingbusiness.msfc.nasa.gov/documents/3128625/3185451/MPCSC_Members_List.pdf	CONFIRMED	pdf
mike.pullen@cgifederal.com	CGI Federal	https://doingbusiness.msfc.nasa.gov/documents/3128625/3185451/MPCSC_Members_List.pdf	CONFIRMED	pdf
audrey.lambert@cgifederal.com	CGI Federal	https://doingbusiness.msfc.nasa.gov/documents/3128625/3185451/MPCSC_Members_List.pdf	CONFIRMED	pdf
christina.meadows@cgifederal.com	CGI Federal	https://doingbusiness.msfc.nasa.gov/documents/3128625/3185451/MPCSC_Members_List.pdf	CONFIRMED	pdf
ckurt@colsa.com	COLSA Corporation	https://doingbusiness.msfc.nasa.gov/documents/3128625/3185451/MPCSC_Members_List.pdf	CONFIRMED	pdf
dcowan@colsa.com	COLSA Corporation	https://doingbusiness.msfc.nasa.gov/documents/3128625/3185451/MPCSC_Members_List.pdf	CONFIRMED	pdf
adaugette@colsa.com	COLSA Corporation	https://doingbusiness.msfc.nasa.gov/documents/3128625/3185451/MPCSC_Members_List.pdf	CONFIRMED	pdf
rsharris@colsa.com	COLSA Corporation	https://doingbusiness.msfc.nasa.gov/documents/3128625/3185451/MPCSC_Members_List.pdf	CONFIRMED	pdf
thenrich@colsa.com	COLSA Corporation	https://doingbusiness.msfc.nasa.gov/documents/3128625/3185451/MPCSC_Members_List.pdf	CONFIRMED	pdf
cdickens@colsa.com	COLSA Corporation	https://doingbusiness.msfc.nasa.gov/documents/3128625/3185451/MPCSC_Members_List.pdf	CONFIRMED	pdf
kpfromer@deloitte.com	Deloitte (Deloitte Federal)	https://doingbusiness.msfc.nasa.gov/documents/3128625/3185451/MPCSC_Members_List.pdf	CONFIRMED	pdf
vicvo@deloitte.com	Deloitte (Deloitte Federal)	https://doingbusiness.msfc.nasa.gov/documents/3128625/3185451/MPCSC_Members_List.pdf	CONFIRMED	pdf
rethompson@deloitte.com	Deloitte (Deloitte Federal)	https://doingbusiness.msfc.nasa.gov/documents/3128625/3185451/MPCSC_Members_List.pdf	CONFIRMED	pdf
dpetricone@draper.com	Draper Labs	https://doingbusiness.msfc.nasa.gov/documents/3128625/3185451/MPCSC_Members_List.pdf	CONFIRMED	pdf
lconnell@draper.com	Draper Labs	https://doingbusiness.msfc.nasa.gov/documents/3128625/3185451/MPCSC_Members_List.pdf	CONFIRMED	pdf
soutlaw@draper.com	Draper Labs	https://doingbusiness.msfc.nasa.gov/documents/3128625/3185451/MPCSC_Members_List.pdf	CONFIRMED	pdf
kellie.noel@gdit.com	General Dynamics Information Technology (GDIT)	https://doingbusiness.msfc.nasa.gov/documents/3128625/3185451/MPCSC_Members_List.pdf	CONFIRMED	pdf
drew.garza@gdit.com	General Dynamics Information Technology (GDIT)	https://doingbusiness.msfc.nasa.gov/documents/3128625/3185451/MPCSC_Members_List.pdf	CONFIRMED	pdf
donald.monell@valkyrie.com	Hill Technical Solutions (Valkyrie Enterprises)	https://doingbusiness.msfc.nasa.gov/documents/3128625/3185451/MPCSC_Members_List.pdf	CONFIRMED	pdf
kevin.margeson@honeywell.com	Honeywell Aerospace Technologies	https://doingbusiness.msfc.nasa.gov/documents/3128625/3185451/MPCSC_Members_List.pdf	CONFIRMED	pdf
Howard.Kellner2@honeywell.com	Honeywell Aerospace Technologies	https://doingbusiness.msfc.nasa.gov/documents/3128625/3185451/MPCSC_Members_List.pdf	CONFIRMED	pdf
david.bunn@honeywell.com	Honeywell Aerospace Technologies	https://doingbusiness.msfc.nasa.gov/documents/3128625/3185451/MPCSC_Members_List.pdf	CONFIRMED	pdf
j.p.martin@jacobs.com	Jacobs (CH2M)	https://doingbusiness.msfc.nasa.gov/documents/3128625/3185451/MPCSC_Members_List.pdf	CONFIRMED	pdf
Jason.glasgow@jacobs.com	Jacobs (CH2M)	https://doingbusiness.msfc.nasa.gov/documents/3128625/3185451/MPCSC_Members_List.pdf	CONFIRMED	pdf
Kimberly.nottage@jhuapl.edu	Johns Hopkins / Applied Physics Lab	https://doingbusiness.msfc.nasa.gov/documents/3128625/3185451/MPCSC_Members_List.pdf	CONFIRMED	pdf
orlando.stevenson@jhuapl.edu	Johns Hopkins / Applied Physics Lab	https://doingbusiness.msfc.nasa.gov/documents/3128625/3185451/MPCSC_Members_List.pdf	CONFIRMED	pdf
lisa.righter@jhuapl.edu	Johns Hopkins / Applied Physics Lab	https://doingbusiness.msfc.nasa.gov/documents/3128625/3185451/MPCSC_Members_List.pdf	CONFIRMED	pdf
adriana.apolito-bevis@us.kbr.com	KBR (KBRwyle)	https://doingbusiness.msfc.nasa.gov/documents/3128625/3185451/MPCSC_Members_List.pdf	CONFIRMED	pdf
Bill.frink@us.kbr.com	KBR (KBRwyle)	https://doingbusiness.msfc.nasa.gov/documents/3128625/3185451/MPCSC_Members_List.pdf	CONFIRMED	pdf
helen.lawley@us.kbr.com	KBR (KBRwyle)	https://doingbusiness.msfc.nasa.gov/documents/3128625/3185451/MPCSC_Members_List.pdf	CONFIRMED	pdf
gracie.orr@us.kbr.com	KBR (KBRwyle)	https://doingbusiness.msfc.nasa.gov/documents/3128625/3185451/MPCSC_Members_List.pdf	CONFIRMED	pdf
Timothy.smith2@us.kbr.com	KBR (KBRwyle)	https://doingbusiness.msfc.nasa.gov/documents/3128625/3185451/MPCSC_Members_List.pdf	CONFIRMED	pdf
Rose.Laube@us.kbr.com	KBR (KBRwyle)	https://doingbusiness.msfc.nasa.gov/documents/3128625/3185451/MPCSC_Members_List.pdf	CONFIRMED	pdf
Geoffrey.Wawrzyniak@us.kbr.com	KBR (KBRwyle)	https://doingbusiness.msfc.nasa.gov/documents/3128625/3185451/MPCSC_Members_List.pdf	CONFIRMED	pdf
Darin.Lindon@us.kbr.com	KBR (KBRwyle)	https://doingbusiness.msfc.nasa.gov/documents/3128625/3185451/MPCSC_Members_List.pdf	CONFIRMED	pdf
Sonja.Roberts@kratosdefense.com	Kratos	https://doingbusiness.msfc.nasa.gov/documents/3128625/3185451/MPCSC_Members_List.pdf	CONFIRMED	pdf
Brian.McCann@kratosdefense.com	Kratos	https://doingbusiness.msfc.nasa.gov/documents/3128625/3185451/MPCSC_Members_List.pdf	CONFIRMED	pdf
natalia.tucholska@kratosdefense.com	Kratos / SRE	https://doingbusiness.msfc.nasa.gov/documents/3128625/3185451/MPCSC_Members_List.pdf	CONFIRMED	pdf
bhavesh.patel@kratosdefense.com	Kratos / SRE	https://doingbusiness.msfc.nasa.gov/documents/3128625/3185451/MPCSC_Members_List.pdf	CONFIRMED	pdf
jennifer.cowsar@kratosdefense.com	Kratos / SRE	https://doingbusiness.msfc.nasa.gov/documents/3128625/3185451/MPCSC_Members_List.pdf	CONFIRMED	pdf
charity.hudson@l3harris.com	L3Harris Technologies	https://doingbusiness.msfc.nasa.gov/documents/3128625/3185451/MPCSC_Members_List.pdf	CONFIRMED	pdf
Tiffany.Williamson@L3Harris.com	L3Harris Technologies	https://doingbusiness.msfc.nasa.gov/documents/3128625/3185451/MPCSC_Members_List.pdf	CONFIRMED	pdf
Maureen.Bryant@L3Harris.com	L3Harris Technologies	https://doingbusiness.msfc.nasa.gov/documents/3128625/3185451/MPCSC_Members_List.pdf	CONFIRMED	pdf
Jonathan.scott@l3harris.com	L3Harris Technologies	https://doingbusiness.msfc.nasa.gov/documents/3128625/3185451/MPCSC_Members_List.pdf	CONFIRMED	pdf
dawn.j.dunlop@leidos.com	Leidos	https://doingbusiness.msfc.nasa.gov/documents/3128625/3185451/MPCSC_Members_List.pdf	CONFIRMED	pdf
Benjamin.d.hair@nasa.com	Leidos	https://doingbusiness.msfc.nasa.gov/documents/3128625/3185451/MPCSC_Members_List.pdf	CONFIRMED	pdf
Mark.h.pickett@leidos.com	Leidos	https://doingbusiness.msfc.nasa.gov/documents/3128625/3185451/MPCSC_Members_List.pdf	CONFIRMED	pdf
Shaun.K.Smith@leidos.com	Leidos	https://doingbusiness.msfc.nasa.gov/documents/3128625/3185451/MPCSC_Members_List.pdf	CONFIRMED	pdf
Katia.Anderson@leidos.com	Leidos	https://doingbusiness.msfc.nasa.gov/documents/3128625/3185451/MPCSC_Members_List.pdf	CONFIRMED	pdf
trey.duncombe@lintechglobal.com	LinTech Global, Inc.	https://doingbusiness.msfc.nasa.gov/documents/3128625/3185451/MPCSC_Members_List.pdf	CONFIRMED	pdf
lgripka@lintechglobal.com	LinTech Global, Inc.	https://doingbusiness.msfc.nasa.gov/documents/3128625/3185451/MPCSC_Members_List.pdf	CONFIRMED	pdf
dan.harris1977@outlook.com	LMI	https://doingbusiness.msfc.nasa.gov/documents/3128625/3185451/MPCSC_Members_List.pdf	CONFIRMED	pdf
chead@lmi.org	LMI	https://doingbusiness.msfc.nasa.gov/documents/3128625/3185451/MPCSC_Members_List.pdf	CONFIRMED	pdf
melinda.mccord@lmco.com	Lockheed Martin Corporation	https://doingbusiness.msfc.nasa.gov/documents/3128625/3185451/MPCSC_Members_List.pdf	CONFIRMED	pdf
patricia.a.pierson@lmco.com	Lockheed Martin Corporation	https://doingbusiness.msfc.nasa.gov/documents/3128625/3185451/MPCSC_Members_List.pdf	CONFIRMED	pdf
terry.abel@lmco.com	Lockheed Martin Corporation	https://doingbusiness.msfc.nasa.gov/documents/3128625/3185451/MPCSC_Members_List.pdf	CONFIRMED	pdf
Nick.dugan@lmco.com	Lockheed Martin Corporation	https://doingbusiness.msfc.nasa.gov/documents/3128625/3185451/MPCSC_Members_List.pdf	CONFIRMED	pdf
Jennifer.Santoro@maxar.com	Maxar Space Systems	https://doingbusiness.msfc.nasa.gov/documents/3128625/3185451/MPCSC_Members_List.pdf	CONFIRMED	pdf
juliana.scott@maxar.com	Maxar Space Systems	https://doingbusiness.msfc.nasa.gov/documents/3128625/3185451/MPCSC_Members_List.pdf	CONFIRMED	pdf
jmoore@mesainc.com	Mesa Associates, Inc.	https://doingbusiness.msfc.nasa.gov/documents/3128625/3185451/MPCSC_Members_List.pdf	CONFIRMED	pdf
mocchipinti@moog.com	Moog, Inc.	https://doingbusiness.msfc.nasa.gov/documents/3128625/3185451/MPCSC_Members_List.pdf	CONFIRMED	pdf
cigaya@moog.com	Moog, Inc.	https://doingbusiness.msfc.nasa.gov/documents/3128625/3185451/MPCSC_Members_List.pdf	CONFIRMED	pdf
jfehrenbacher@moog.com	Moog, Inc.	https://doingbusiness.msfc.nasa.gov/documents/3128625/3185451/MPCSC_Members_List.pdf	CONFIRMED	pdf
don.marinello@mtsi-va.com	MTSI (Modern Technology Solutions, Inc.)	https://doingbusiness.msfc.nasa.gov/documents/3128625/3185451/MPCSC_Members_List.pdf	CONFIRMED	pdf
tim.king@mtsi-va.com	MTSI (Modern Technology Solutions, Inc.)	https://doingbusiness.msfc.nasa.gov/documents/3128625/3185451/MPCSC_Members_List.pdf	CONFIRMED	pdf
david.weese@mtsi-va.com	MTSI (Modern Technology Solutions, Inc.)	https://doingbusiness.msfc.nasa.gov/documents/3128625/3185451/MPCSC_Members_List.pdf	CONFIRMED	pdf
Jenifer.Scoffield@ngc.com	Northrop Grumman (Space Systems)	https://doingbusiness.msfc.nasa.gov/documents/3128625/3185451/MPCSC_Members_List.pdf	CONFIRMED	pdf
Kristen.Collins@ngc.com	Northrop Grumman (Space Systems)	https://doingbusiness.msfc.nasa.gov/documents/3128625/3185451/MPCSC_Members_List.pdf	CONFIRMED	pdf
Kathryn.Haney@ngc.com	Northrop Grumman (Space Systems)	https://doingbusiness.msfc.nasa.gov/documents/3128625/3185451/MPCSC_Members_List.pdf	CONFIRMED	pdf
carl.vasilko@pae.com	PAE	https://doingbusiness.msfc.nasa.gov/documents/3128625/3185451/MPCSC_Members_List.pdf	CONFIRMED	pdf
gwen.johnson@parsons.com	Parsons Corporation	https://doingbusiness.msfc.nasa.gov/documents/3128625/3185451/MPCSC_Members_List.pdf	CONFIRMED	pdf
richard.waterman@parsons.com	Parsons Corporation	https://doingbusiness.msfc.nasa.gov/documents/3128625/3185451/MPCSC_Members_List.pdf	CONFIRMED	pdf
lanny.phu@peraton.com	Peraton	https://doingbusiness.msfc.nasa.gov/documents/3128625/3185451/MPCSC_Members_List.pdf	CONFIRMED	pdf
ashley.sanders@peraton.com	Peraton	https://doingbusiness.msfc.nasa.gov/documents/3128625/3185451/MPCSC_Members_List.pdf	CONFIRMED	pdf
kristen.todd@peraton.com	Peraton	https://doingbusiness.msfc.nasa.gov/documents/3128625/3185451/MPCSC_Members_List.pdf	CONFIRMED	pdf
niko@team-rsi.com	RSI / Quantitech JV	https://doingbusiness.msfc.nasa.gov/documents/3128625/3185451/MPCSC_Members_List.pdf	CONFIRMED	pdf
jerrol.sullivan@rtx.com	RTX (Raytheon)	https://doingbusiness.msfc.nasa.gov/documents/3128625/3185451/MPCSC_Members_List.pdf	CONFIRMED	pdf
Jonathan.N.Mccallister@saic.com	SAIC	https://doingbusiness.msfc.nasa.gov/documents/3128625/3185451/MPCSC_Members_List.pdf	CONFIRMED	pdf
rita.brooks@saic.com	SAIC	https://doingbusiness.msfc.nasa.gov/documents/3128625/3185451/MPCSC_Members_List.pdf	CONFIRMED	pdf
joe.re@sev1tech.com	Sev1Tech	https://doingbusiness.msfc.nasa.gov/documents/3128625/3185451/MPCSC_Members_List.pdf	CONFIRMED	pdf
david.hall@sev1tech.com	Sev1Tech	https://doingbusiness.msfc.nasa.gov/documents/3128625/3185451/MPCSC_Members_List.pdf	CONFIRMED	pdf
terrell.s.parker@sierralobo.com	Sierra Lobo	https://doingbusiness.msfc.nasa.gov/documents/3128625/3185451/MPCSC_Members_List.pdf	CONFIRMED	pdf
edotts@cfa.harvard.edu	Smithsonian Institution	https://doingbusiness.msfc.nasa.gov/documents/3128625/3185451/MPCSC_Members_List.pdf	CONFIRMED	pdf
sherman.wallen@cfa.harvard.edu	Smithsonian Institution	https://doingbusiness.msfc.nasa.gov/documents/3128625/3185451/MPCSC_Members_List.pdf	CONFIRMED	pdf
leopoldo.cardenas@swri.org	Southwest Research Institute	https://doingbusiness.msfc.nasa.gov/documents/3128625/3185451/MPCSC_Members_List.pdf	CONFIRMED	pdf
maegan.wirries@swri.org	Southwest Research Institute	https://doingbusiness.msfc.nasa.gov/documents/3128625/3185451/MPCSC_Members_List.pdf	CONFIRMED	pdf
christopher.rad@spacex.com	SpaceX	https://doingbusiness.msfc.nasa.gov/documents/3128625/3185451/MPCSC_Members_List.pdf	CONFIRMED	pdf
Vibhor.Jain@spacex.com	SpaceX	https://doingbusiness.msfc.nasa.gov/documents/3128625/3185451/MPCSC_Members_List.pdf	CONFIRMED	pdf
debbie.batson@teledyne.com	Teledyne Brown Engineering	https://doingbusiness.msfc.nasa.gov/documents/3128625/3185451/MPCSC_Members_List.pdf	CONFIRMED	pdf
kerry.webb@teledyne.com	Teledyne Brown Engineering	https://doingbusiness.msfc.nasa.gov/documents/3128625/3185451/MPCSC_Members_List.pdf	CONFIRMED	pdf
pbrooking@traxintl.com	Trax International Corp	https://doingbusiness.msfc.nasa.gov/documents/3128625/3185451/MPCSC_Members_List.pdf	CONFIRMED	pdf
ebooker@traxintl.com	Trax International Corp	https://doingbusiness.msfc.nasa.gov/documents/3128625/3185451/MPCSC_Members_List.pdf	CONFIRMED	pdf
jshreves@Traxintl.com	Trax International Corp	https://doingbusiness.msfc.nasa.gov/documents/3128625/3185451/MPCSC_Members_List.pdf	CONFIRMED	pdf
kdiller@traxintl.com	Trax International Corp	https://doingbusiness.msfc.nasa.gov/documents/3128625/3185451/MPCSC_Members_List.pdf	CONFIRMED	pdf
leslie.leon@unisonindustries.com	Unison Industries	https://doingbusiness.msfc.nasa.gov/documents/3128625/3185451/MPCSC_Members_List.pdf	CONFIRMED	pdf
brendon.mee@unisonindustries.com	Unison Industries	https://doingbusiness.msfc.nasa.gov/documents/3128625/3185451/MPCSC_Members_List.pdf	CONFIRMED	pdf
alecia.j.lauer@ulalaunch.com	United Launch Alliance	https://doingbusiness.msfc.nasa.gov/documents/3128625/3185451/MPCSC_Members_List.pdf	CONFIRMED	pdf
david.a.westbrook@ulalaunch.com	United Launch Alliance	https://doingbusiness.msfc.nasa.gov/documents/3128625/3185451/MPCSC_Members_List.pdf	CONFIRMED	pdf
bethlope@email.arizona.edu	University of Arizona	https://doingbusiness.msfc.nasa.gov/documents/3128625/3185451/MPCSC_Members_List.pdf	CONFIRMED	pdf
shelly.richeson@gov2x.com	V2X	https://doingbusiness.msfc.nasa.gov/documents/3128625/3185451/MPCSC_Members_List.pdf	CONFIRMED	pdf
teanna.jones@wwt.com	World Wide Technology, Inc	https://doingbusiness.msfc.nasa.gov/documents/3128625/3185451/MPCSC_Members_List.pdf	CONFIRMED	pdf
fedsupernova@stationaustin.org	Fed Supernova (defense innovation conference, Austin TX)	https://fedsupernova.com	CONFIRMED	html
alissa.karggirard@utoledo.edu	Ohio APEX Accelerator	https://find.govcontracts.ohio.gov/contact/	CONFIRMED	html
bgrill@ohio.edu	Ohio APEX Accelerator	https://find.govcontracts.ohio.gov/contact/	CONFIRMED	html
dasia.johnson@development.ohio.gov	Ohio APEX Accelerator	https://find.govcontracts.ohio.gov/contact/	CONFIRMED	html
dpickel@ysu.edu	Ohio APEX Accelerator	https://find.govcontracts.ohio.gov/contact/	CONFIRMED	html
dzavesky@ohio.edu	Ohio APEX Accelerator	https://find.govcontracts.ohio.gov/contact/	CONFIRMED	html
hawthorne@ohio.edu	Ohio APEX Accelerator	https://find.govcontracts.ohio.gov/contact/	CONFIRMED	html
hopkins1@ohio.edu	Ohio APEX Accelerator	https://find.govcontracts.ohio.gov/contact/	CONFIRMED	html
joseph.scott@development.ohio.gov	Ohio APEX Accelerator	https://find.govcontracts.ohio.gov/contact/	CONFIRMED	html
mbrazie@ohio.edu	Ohio APEX Accelerator	https://find.govcontracts.ohio.gov/contact/	CONFIRMED	html
petermann@ohio.edu	Ohio APEX Accelerator	https://find.govcontracts.ohio.gov/contact/	CONFIRMED	html
slavik@ohio.edu	Ohio APEX Accelerator	https://find.govcontracts.ohio.gov/contact/	CONFIRMED	html
stewartj1@ohio.edu	Ohio APEX Accelerator	https://find.govcontracts.ohio.gov/contact/	CONFIRMED	html
swloveland@ysu.edu	Ohio APEX Accelerator	https://find.govcontracts.ohio.gov/contact/	CONFIRMED	html
wivell@ohio.edu	Ohio APEX Accelerator	https://find.govcontracts.ohio.gov/contact/	CONFIRMED	html
woodardj@ohio.edu	Ohio APEX Accelerator	https://find.govcontracts.ohio.gov/contact/	CONFIRMED	html
info@forterra.com	Forterra	https://forterra.com/contact	CONFIRMED	html
mediainfo@gd-ms.com	General Dynamics	https://gdmissionsystems.com/articles/2017/08/21/introducing-techscout-for-suppliers	CONFIRMED	html
IngallsProspectiveSupplier@hii.com	Huntington Ingalls Industries (Ingalls Shipbuilding)	https://hii.com/documents/ingalls-shipbuilding-supplier-guide	CONFIRMED	pdf
Gregory.J.Mccarthy@hii-co.com	HII (Huntington Ingalls Industries)	https://hii.com/newsroom#mediacontacts	CONFIRMED	html
Danny.J.Hernandez@hii-co.com	HII (Huntington Ingalls Industries)	https://hii.com/newsroom#mediacontacts	CONFIRMED	html
Kimberly.K.Aguillard@hii-co.com	HII (Huntington Ingalls Industries)	https://hii.com/newsroom#mediacontacts	CONFIRMED	html
Todd.T.Corillo@hii-co.com	HII (Huntington Ingalls Industries)	https://hii.com/newsroom#mediacontacts	CONFIRMED	html
solutions@battelle.org	Battelle	https://inside.battelle.org/blog-details/accelerating-innovation-how-to-increase-speed-and-reduce-risk-for-technology-transfer	CONFIRMED	html
Lee.Wesner@us.kbr.com	KBR	https://kbr.foleon.com/gs-us/procurement/	CONFIRMED	html
defense@kodiak.ai	Kodiak Robotics	https://kodiak.ai/contact	CONFIRMED	html
contact@kodiak.ai	Kodiak Robotics	https://kodiak.ai/contact	CONFIRMED	html
GoodGuidance@sba.gov	SBA Office of General Counsel	https://legacy.sba.gov/about-sba/organization	CONFIRMED	html
performance.management@sba.gov	SBA Office of Performance Management	https://legacy.sba.gov/about-sba/organization/performance	CONFIRMED	html
8aBD2@sba.gov	SBA Office of Hearings and Appeals	https://legacy.sba.gov/about-sba/oversight-advocacy/office-hearings-appeals/8a-eligibility-appeals	CONFIRMED	html
oplservice@sba.gov	SBA Office of Policy, Planning and Liaison	https://legacy.sba.gov/about-sba/oversight-advocacy/office-hearings-appeals/8a-eligibility-appeals	CONFIRMED	html
OHApppinquiries@sba.gov	SBA Office of Hearings and Appeals	https://legacy.sba.gov/about-sba/oversight-advocacy/office-hearings-appeals/ppp-appeals	CONFIRMED	html
ohafilings@sba.gov	SBA Office of Hearings and Appeals	https://legacy.sba.gov/about-sba/oversight-advocacy/office-hearings-appeals/size-appeals	CONFIRMED	html
clainquiry@sba.gov	SBA Office of Congressional and Legislative Affairs	https://legacy.sba.gov/about-sba/sba-locations/headquarters-offices/office-congressional-legislative-affairs	CONFIRMED	html
FieldOperations@sba.gov	SBA Office of Field Operations	https://legacy.sba.gov/about-sba/sba-locations/headquarters-offices/office-field-operations	CONFIRMED	html
accelerators@sba.gov	SBA Office of Investment and Innovation	https://legacy.sba.gov/about-sba/sba-locations/headquarters-offices/office-investment-innovation	CONFIRMED	html
OPPL@sba.gov	SBA Office of Policy, Planning and Liaison	https://legacy.sba.gov/about-sba/sba-locations/headquarters-offices/office-policy-planning-liaison	CONFIRMED	html
mppjvreporting@sba.gov	SBA Mentor-Protégé Program	https://legacy.sba.gov/federal-contracting/contracting-assistance-programs/joint-ventures	CONFIRMED	html
mppevaluations@sba.gov	SBA Mentor-Protégé Program	https://legacy.sba.gov/federal-contracting/contracting-assistance-programs/sba-mentor-protege-program	CONFIRMED	html
christopher.sao@sba.gov	SBA Office of Government Contracting	https://legacy.sba.gov/federal-contracting/counseling-help/commercial-market-representatives	CONFIRMED	html
arnette.mayhew@sba.gov	SBA Office of Government Contracting	https://legacy.sba.gov/federal-contracting/counseling-help/commercial-market-representatives	CONFIRMED	html
janice.nietes@sba.gov	SBA Office of Government Contracting	https://legacy.sba.gov/federal-contracting/counseling-help/commercial-market-representatives	CONFIRMED	html
thomas.krusemark@sba.gov	SBA Office of Government Contracting	https://legacy.sba.gov/federal-contracting/counseling-help/contracting-area-directors	CONFIRMED	html
janette.fasano@sba.gov	SBA Office of Government Contracting	https://legacy.sba.gov/federal-contracting/counseling-help/contracting-area-directors	CONFIRMED	html
rosetta.rodwell@sba.gov	SBA Office of Government Contracting	https://legacy.sba.gov/federal-contracting/counseling-help/contracting-area-directors	CONFIRMED	html
carol.thompson@sba.gov	SBA Office of Government Contracting	https://legacy.sba.gov/federal-contracting/counseling-help/contracting-area-directors	CONFIRMED	html
tanika.pierce@sba.gov	SBA Office of Government Contracting	https://legacy.sba.gov/federal-contracting/counseling-help/contracting-area-directors	CONFIRMED	html
halima.salaam@sba.gov	SBA Office of Government Contracting	https://legacy.sba.gov/federal-contracting/counseling-help/contracting-area-directors	CONFIRMED	html
thomas.rogers@sba.gov	SBA Office of Government Contracting	https://legacy.sba.gov/federal-contracting/counseling-help/contracting-area-directors	CONFIRMED	html
sheena.little@sba.gov	SBA Office of Government Contracting	https://legacy.sba.gov/federal-contracting/counseling-help/contracting-area-directors	CONFIRMED	html
yuri.dyson@sba.gov	SBA Office of Government Contracting	https://legacy.sba.gov/federal-contracting/counseling-help/contracting-area-directors	CONFIRMED	html
jezabel.rodriguez@sba.gov	SBA Office of Government Contracting; SBA district office	https://legacy.sba.gov/federal-contracting/counseling-help/contracting-area-directors	CONFIRMED	html
Isaac.ropercharles@sba.gov	SBA Office of Government Contracting	https://legacy.sba.gov/federal-contracting/counseling-help/procurement-center-representative-directory	CONFIRMED	html
khanh.nguyen@sba.gov	SBA Office of Government Contracting	https://legacy.sba.gov/federal-contracting/counseling-help/procurement-center-representative-directory	CONFIRMED	html
timothy.berdan@sba.gov	SBA Office of Government Contracting	https://legacy.sba.gov/federal-contracting/counseling-help/procurement-center-representative-directory	CONFIRMED	html
Bernard.Durham@sba.gov	SBA Office of Government Contracting	https://legacy.sba.gov/federal-contracting/counseling-help/procurement-center-representative-directory	CONFIRMED	html
Delonda.Ward@sba.gov	SBA Office of Government Contracting	https://legacy.sba.gov/federal-contracting/counseling-help/procurement-center-representative-directory	CONFIRMED	html
Dennette.Gibson@sba.gov	SBA Office of Government Contracting	https://legacy.sba.gov/federal-contracting/counseling-help/procurement-center-representative-directory	CONFIRMED	html
Fitzia.Justice@sba.gov	SBA Office of Government Contracting	https://legacy.sba.gov/federal-contracting/counseling-help/procurement-center-representative-directory	CONFIRMED	html
Jennifer.Pilcher@sba.gov	SBA Office of Government Contracting	https://legacy.sba.gov/federal-contracting/counseling-help/procurement-center-representative-directory	CONFIRMED	html
John.Butts@sba.gov	SBA Office of Government Contracting	https://legacy.sba.gov/federal-contracting/counseling-help/procurement-center-representative-directory	CONFIRMED	html
Patrcia.Martin@sba.gov	SBA Office of Government Contracting	https://legacy.sba.gov/federal-contracting/counseling-help/procurement-center-representative-directory	CONFIRMED	html
Patrick.mayle@sba.gov	SBA Office of Government Contracting	https://legacy.sba.gov/federal-contracting/counseling-help/procurement-center-representative-directory	CONFIRMED	html
Shaquanda.Williams@sba.gov	SBA Office of Government Contracting	https://legacy.sba.gov/federal-contracting/counseling-help/procurement-center-representative-directory	CONFIRMED	html
Steven.Powell@sba.gov	SBA Office of Government Contracting	https://legacy.sba.gov/federal-contracting/counseling-help/procurement-center-representative-directory	CONFIRMED	html
Tanya.Lockley@sba.gov	SBA Office of Government Contracting	https://legacy.sba.gov/federal-contracting/counseling-help/procurement-center-representative-directory	CONFIRMED	html
bernard.durham@hq.dhs.gov	SBA Office of Government Contracting	https://legacy.sba.gov/federal-contracting/counseling-help/procurement-center-representative-directory	CONFIRMED	html
rosetta.jackson@sba.gov	SBA Office of Government Contracting	https://legacy.sba.gov/federal-contracting/counseling-help/procurement-center-representative-directory	CONFIRMED	html
Charles.Mason@sba.gov	SBA Office of Government Contracting	https://legacy.sba.gov/federal-contracting/counseling-help/procurement-center-representative-directory	CONFIRMED	html
Pamela.Mitchell@sba.gov	SBA Office of Government Contracting	https://legacy.sba.gov/federal-contracting/counseling-help/procurement-center-representative-directory	CONFIRMED	html
Sara.Logsdon@sba.gov	SBA Office of Government Contracting	https://legacy.sba.gov/federal-contracting/counseling-help/procurement-center-representative-directory	CONFIRMED	html
alicia.vogel@sba.gov	SBA Office of Government Contracting	https://legacy.sba.gov/federal-contracting/counseling-help/procurement-center-representative-directory	CONFIRMED	html
Shelton.watson@sba.gov	SBA Office of Government Contracting	https://legacy.sba.gov/federal-contracting/counseling-help/procurement-center-representative-directory	CONFIRMED	html
daniel.curado-fuentes@sba.gov	SBA Office of Government Contracting	https://legacy.sba.gov/federal-contracting/counseling-help/procurement-center-representative-directory	CONFIRMED	html
micole.stephens@sba.gov	SBA Office of Government Contracting	https://legacy.sba.gov/federal-contracting/counseling-help/procurement-center-representative-directory	CONFIRMED	html
paksa.dewhurst@sba.gov	SBA Office of Government Contracting	https://legacy.sba.gov/federal-contracting/counseling-help/procurement-center-representative-directory	CONFIRMED	html
philip.maclean@sba.gov	SBA Office of Government Contracting	https://legacy.sba.gov/federal-contracting/counseling-help/procurement-center-representative-directory	CONFIRMED	html
James.Swartz@sba.gov	SBA Office of Government Contracting	https://legacy.sba.gov/federal-contracting/counseling-help/procurement-center-representative-directory	CONFIRMED	html
cody.neville@sba.gov	SBA Office of Government Contracting	https://legacy.sba.gov/federal-contracting/counseling-help/procurement-center-representative-directory	CONFIRMED	html
derek.gadberry@sba.gov	SBA Office of Government Contracting	https://legacy.sba.gov/federal-contracting/counseling-help/procurement-center-representative-directory	CONFIRMED	html
sheriley.smith@sba.gov	SBA Office of Government Contracting	https://legacy.sba.gov/federal-contracting/counseling-help/procurement-center-representative-directory	CONFIRMED	html
kevin.labrie@sba.gov	SBA Office of Government Contracting; SBA district office	https://legacy.sba.gov/federal-contracting/counseling-help/procurement-center-representative-directory	CONFIRMED	html
david.diercks@sba.gov	SBA Office of Government Contracting; SBA district office	https://legacy.sba.gov/federal-contracting/counseling-help/procurement-center-representative-directory	CONFIRMED	html
justin.smith@sba.gov	SBA Office of Government Contracting; SBA district office	https://legacy.sba.gov/federal-contracting/counseling-help/procurement-center-representative-directory	CONFIRMED	html
kala.naranjo@sba.gov	SBA Office of Government Contracting; SBA district office	https://legacy.sba.gov/federal-contracting/counseling-help/procurement-center-representative-directory	CONFIRMED	html
nijua.heard@sba.gov	SBA Office of Government Contracting; SBA district office	https://legacy.sba.gov/federal-contracting/counseling-help/procurement-center-representative-directory	CONFIRMED	html
RICs@sba.gov	SBA Regional Innovation Clusters	https://legacy.sba.gov/local-assistance/regional-innovation-clusters	CONFIRMED	html
christian.pennington@sba.gov	SBA Office of Veterans Business Development	https://legacy.sba.gov/local-assistance/veterans-business-development-officers	CONFIRMED	html
carrie.ellinwood@sba.gov	SBA Office of Veterans Business Development	https://legacy.sba.gov/local-assistance/veterans-business-development-officers	CONFIRMED	html
steven.franklin@sba.gov	SBA Office of Veterans Business Development	https://legacy.sba.gov/local-assistance/veterans-business-development-officers	CONFIRMED	html
Tanisha.Baptiste@sba.gov	SBA Office of Veterans Business Development	https://legacy.sba.gov/local-assistance/veterans-business-development-officers	CONFIRMED	html
austen.colledge@sba.gov	SBA Office of Veterans Business Development	https://legacy.sba.gov/local-assistance/veterans-business-development-officers	CONFIRMED	html
natalie.hall@sba.gov	SBA Office of Veterans Business Development	https://legacy.sba.gov/local-assistance/veterans-business-development-officers	CONFIRMED	html
jennell.taylor@sba.gov	SBA Office of Veterans Business Development	https://legacy.sba.gov/local-assistance/veterans-business-development-officers	CONFIRMED	html
irenegonzalez@sba.gov	SBA Office of Veterans Business Development	https://legacy.sba.gov/local-assistance/veterans-business-development-officers	CONFIRMED	html
laura.schafsnitz@sba.gov	SBA Office of Veterans Business Development	https://legacy.sba.gov/local-assistance/veterans-business-development-officers	CONFIRMED	html
Jayne.armstrong@sba.gov	SBA Office of Veterans Business Development	https://legacy.sba.gov/local-assistance/veterans-business-development-officers	CONFIRMED	html
Michael.Collins@sba.gov	SBA Office of Veterans Business Development	https://legacy.sba.gov/local-assistance/veterans-business-development-officers	CONFIRMED	html
oreste.varela@sba.gov	SBA Office of Veterans Business Development	https://legacy.sba.gov/local-assistance/veterans-business-development-officers	CONFIRMED	html
bridget.johnson@sba.gov	SBA Office of Veterans Business Development	https://legacy.sba.gov/local-assistance/veterans-business-development-officers	CONFIRMED	html
harold.white@sba.gov	SBA Office of Veterans Business Development	https://legacy.sba.gov/local-assistance/veterans-business-development-officers	CONFIRMED	html
scot.thompson@sba.gov	SBA Office of Veterans Business Development	https://legacy.sba.gov/local-assistance/veterans-business-development-officers	CONFIRMED	html
glen.fernandez@sba.gov	SBA Office of Veterans Business Development	https://legacy.sba.gov/local-assistance/veterans-business-development-officers	CONFIRMED	html
heather.port@sba.gov	SBA Office of Veterans Business Development	https://legacy.sba.gov/local-assistance/veterans-business-development-officers	CONFIRMED	html
clark.bihag@sba.gov	SBA Office of Veterans Business Development	https://legacy.sba.gov/local-assistance/veterans-business-development-officers	CONFIRMED	html
Matthew.Schmidt@sba.gov	SBA Office of Veterans Business Development	https://legacy.sba.gov/local-assistance/veterans-business-development-officers	CONFIRMED	html
robert.goza@sba.gov	SBA Office of Veterans Business Development	https://legacy.sba.gov/local-assistance/veterans-business-development-officers	CONFIRMED	html
jacob.droge@sba.gov	SBA Office of Veterans Business Development	https://legacy.sba.gov/local-assistance/veterans-business-development-officers	CONFIRMED	html
david.walley@sba.gov	SBA Office of Veterans Business Development	https://legacy.sba.gov/local-assistance/veterans-business-development-officers	CONFIRMED	html
aimee.rodriguez@sba.gov	SBA Office of Veterans Business Development	https://legacy.sba.gov/local-assistance/veterans-business-development-officers	CONFIRMED	html
jackie.hobson@sba.gov	SBA Office of Veterans Business Development	https://legacy.sba.gov/local-assistance/veterans-business-development-officers	CONFIRMED	html
william.pocan@sba.gov	SBA Office of Veterans Business Development	https://legacy.sba.gov/local-assistance/veterans-business-development-officers	CONFIRMED	html
frank.demarest@sba.gov	SBA Office of Veterans Business Development	https://legacy.sba.gov/local-assistance/veterans-business-development-officers	CONFIRMED	html
wayne.huddleston@sba.gov	SBA Office of Veterans Business Development	https://legacy.sba.gov/local-assistance/veterans-business-development-officers	CONFIRMED	html
roderick.perkins@sba.gov	SBA Office of Veterans Business Development; SBA district office	https://legacy.sba.gov/local-assistance/veterans-business-development-officers	CONFIRMED	html
Ross.Macarty@sba.gov	SBA Office of Veterans Business Development; SBA district office	https://legacy.sba.gov/local-assistance/veterans-business-development-officers	CONFIRMED	html
craig.jordan@sba.gov	SBA Office of Veterans Business Development; SBA district office	https://legacy.sba.gov/local-assistance/veterans-business-development-officers	CONFIRMED	html
luisana.martinez@sba.gov	SBA Office of Veterans Business Development; SBA district office	https://legacy.sba.gov/local-assistance/veterans-business-development-officers	CONFIRMED	html
Alex.Salas@sba.gov	SBA Office of Veterans Business Development; SBA district office	https://legacy.sba.gov/local-assistance/veterans-business-development-officers	CONFIRMED	html
cesar.estrada@sba.gov	SBA Office of Veterans Business Development; SBA district office	https://legacy.sba.gov/local-assistance/veterans-business-development-officers	CONFIRMED	html
michael.sovacool@sba.gov	SBA Office of Veterans Business Development; SBA district office	https://legacy.sba.gov/local-assistance/veterans-business-development-officers	CONFIRMED	html
eric.phillips@sba.gov	SBA Office of Veterans Business Development; SBA district office	https://legacy.sba.gov/local-assistance/veterans-business-development-officers	CONFIRMED	html
dcinfo@sba.gov	SBA Office of Veterans Business Development; SBA district office	https://legacy.sba.gov/local-assistance/veterans-business-development-officers	CONFIRMED	html
Richard.JeanBaptiste@sba.gov	SBA Office of Veterans Business Development; SBA district office	https://legacy.sba.gov/local-assistance/veterans-business-development-officers	CONFIRMED	html
hazel.beck@sba.gov	SBA Office of Veterans Business Development; SBA district office	https://legacy.sba.gov/local-assistance/veterans-business-development-officers	CONFIRMED	html
willette.legrant@sba.gov	SBA Office of Veterans Business Development; SBA district office	https://legacy.sba.gov/local-assistance/veterans-business-development-officers	CONFIRMED	html
wayne.bell@sba.gov	SBA Office of Veterans Business Development; SBA district office	https://legacy.sba.gov/local-assistance/veterans-business-development-officers	CONFIRMED	html
joshua.stutzman@sba.gov	SBA Office of Veterans Business Development; SBA district office	https://legacy.sba.gov/local-assistance/veterans-business-development-officers	CONFIRMED	html
alec.banksjr@sba.gov	SBA Office of Veterans Business Development; SBA district office	https://legacy.sba.gov/local-assistance/veterans-business-development-officers	CONFIRMED	html
james.pineau@sba.gov	SBA Office of Veterans Business Development; SBA district office	https://legacy.sba.gov/local-assistance/veterans-business-development-officers	CONFIRMED	html
brian.picarazzi@sba.gov	SBA Office of Veterans Business Development; SBA district office	https://legacy.sba.gov/local-assistance/veterans-business-development-officers	CONFIRMED	html
don.jackson@sba.gov	SBA Office of Veterans Business Development; SBA district office	https://legacy.sba.gov/local-assistance/veterans-business-development-officers	CONFIRMED	html
krishin.thadani@sba.gov	SBA Office of Veterans Business Development; SBA district office	https://legacy.sba.gov/local-assistance/veterans-business-development-officers	CONFIRMED	html
timothy.mittan@sba.gov	SBA Office of Veterans Business Development; SBA district office	https://legacy.sba.gov/local-assistance/veterans-business-development-officers	CONFIRMED	html
barry.vanorden@sba.gov	SBA Office of Veterans Business Development; SBA district office	https://legacy.sba.gov/local-assistance/veterans-business-development-officers	CONFIRMED	html
Kyle.Dixson@sba.gov	SBA Office of Veterans Business Development; SBA district office	https://legacy.sba.gov/local-assistance/veterans-business-development-officers	CONFIRMED	html
shyeka.hopkins@sba.gov	SBA Office of Veterans Business Development; SBA district office	https://legacy.sba.gov/local-assistance/veterans-business-development-officers	CONFIRMED	html
joshua.baca@sba.gov	SBA Office of Veterans Business Development; SBA district office	https://legacy.sba.gov/local-assistance/veterans-business-development-officers	CONFIRMED	html
Daniel.rickman@sba.gov	SBA Office of Veterans Business Development; SBA district office	https://legacy.sba.gov/local-assistance/veterans-business-development-officers	CONFIRMED	html
benjamin.deetz@sba.gov	SBA Office of Veterans Business Development; SBA district office	https://legacy.sba.gov/local-assistance/veterans-business-development-officers	CONFIRMED	html
larry.weatherford@sba.gov	SBA Office of Veterans Business Development; SBA district office	https://legacy.sba.gov/local-assistance/veterans-business-development-officers	CONFIRMED	html
Kelly.Hunt@sba.gov	SBA Office of Veterans Business Development; SBA district office	https://legacy.sba.gov/local-assistance/veterans-business-development-officers	CONFIRMED	html
amanda.basse@sba.gov	SBA Office of Veterans Business Development; SBA district office	https://legacy.sba.gov/local-assistance/veterans-business-development-officers	CONFIRMED	html
frank.anderson@sba.gov	SBA Office of Veterans Business Development; SBA district office	https://legacy.sba.gov/local-assistance/veterans-business-development-officers	CONFIRMED	html
bridget.moon@sba.gov	SBA Office of Veterans Business Development; SBA district office	https://legacy.sba.gov/local-assistance/veterans-business-development-officers	CONFIRMED	html
elizabeth.charles@sba.gov	SBA Office of Veterans Business Development; SBA district office	https://legacy.sba.gov/local-assistance/veterans-business-development-officers	CONFIRMED	html
Marcus.Villagran@sba.gov	SBA Office of Veterans Business Development; SBA district office	https://legacy.sba.gov/local-assistance/veterans-business-development-officers	CONFIRMED	html
reynald.lops@sba.gov	SBA Office of Veterans Business Development; SBA district office	https://legacy.sba.gov/local-assistance/veterans-business-development-officers	CONFIRMED	html
don.owens@sba.gov	SBA Office of Veterans Business Development; SBA district office	https://legacy.sba.gov/local-assistance/veterans-business-development-officers	CONFIRMED	html
kevin.morehouse@sba.gov	SBA Office of Veterans Business Development; SBA district office	https://legacy.sba.gov/local-assistance/veterans-business-development-officers	CONFIRMED	html
neil.subhash@sba.gov	SBA Office of Veterans Business Development; SBA district office	https://legacy.sba.gov/local-assistance/veterans-business-development-officers	CONFIRMED	html
George.murray@sba.gov	SBA Office of Veterans Business Development; SBA district office	https://legacy.sba.gov/local-assistance/veterans-business-development-officers	CONFIRMED	html
drew.james@sba.gov	SBA Office of Veterans Business Development; SBA district office	https://legacy.sba.gov/local-assistance/veterans-business-development-officers	CONFIRMED	html
veronica.ortega@sba.gov	SBA district office	https://legacy.sba.gov/sites/default/files/staff-directories/26.02.04%20LRGV%20District%20Office%20Directory%20%281%29.pdf	CONFIRMED	pdf
LRGV.OfferLetter@sba.gov	SBA district office	https://legacy.sba.gov/sites/default/files/staff-directories/26.02.04%20LRGV%20District%20Office%20Directory%20%281%29.pdf	CONFIRMED	pdf
veronica.chavez@sba.gov	SBA district office	https://legacy.sba.gov/sites/default/files/staff-directories/26.02.04%20LRGV%20District%20Office%20Directory%20%281%29.pdf	CONFIRMED	pdf
Suzanne.terrazas@sba.gov	SBA district office	https://legacy.sba.gov/sites/default/files/staff-directories/AR%20Office%20Directory_July%202025.pdf	CONFIRMED	pdf
martine.robinson@sba.gov	SBA district office	https://legacy.sba.gov/sites/default/files/staff-directories/Alaska%20District%20Office%20Directory%20%28Website%20Employee%20Directory%29%206%203%202026%20-2.pdf	CONFIRMED	pdf
reginald.goolsby@sba.gov	SBA district office	https://legacy.sba.gov/sites/default/files/staff-directories/Alaska%20District%20Office%20Directory%20%28Website%20Employee%20Directory%29%206%203%202026%20-2.pdf	CONFIRMED	pdf
kimberly.tripp@sba.gov	SBA district office	https://legacy.sba.gov/sites/default/files/staff-directories/Alaska%20District%20Office%20Directory%20%28Website%20Employee%20Directory%29%206%203%202026%20-2.pdf	CONFIRMED	pdf
randall.miller@sba.gov	SBA district office	https://legacy.sba.gov/sites/default/files/staff-directories/Alaska%20District%20Office%20Directory%20%28Website%20Employee%20Directory%29%206%203%202026%20-2.pdf	CONFIRMED	pdf
akinfo@sba.gov	SBA district office	https://legacy.sba.gov/sites/default/files/staff-directories/Alaska%20District%20Office%20Directory%20%28Website%20Employee%20Directory%29%206%203%202026%20-2.pdf	CONFIRMED	pdf
Irene.gonzalez@sba.gov	SBA district office	https://legacy.sba.gov/sites/default/files/staff-directories/Boise%20Office%20Directory%20%20508%20Compliant%205-30-2025.pdf	CONFIRMED	pdf
joanna.sandoval@sba.gov	SBA district office	https://legacy.sba.gov/sites/default/files/staff-directories/Colorado%20District%20Office%20Directory%20_0_0.pdf	CONFIRMED	pdf
kelly.dixon@sba.gov	SBA district office	https://legacy.sba.gov/sites/default/files/staff-directories/Colorado%20District%20Office%20Directory%20_0_0.pdf	CONFIRMED	pdf
CDOBusinessDevelopment@sba.gov	SBA district office	https://legacy.sba.gov/sites/default/files/staff-directories/Colorado%20District%20Office%20Directory%20_0_0.pdf	CONFIRMED	pdf
Jay.choi@sba.gov	SBA district office	https://legacy.sba.gov/sites/default/files/staff-directories/District%20Office%20Directory%20-%20North%20Florida%20%28Jan%202026%29.pdf	CONFIRMED	pdf
Carmen.gonzalez@sba.gov	SBA district office	https://legacy.sba.gov/sites/default/files/staff-directories/District%20Office%20Directory%20-%20North%20Florida%20%28Jan%202026%29.pdf	CONFIRMED	pdf
Stephanie.workman@sba.gov	SBA district office	https://legacy.sba.gov/sites/default/files/staff-directories/District%20Office%20Directory%20-%20North%20Florida%20%28Jan%202026%29.pdf	CONFIRMED	pdf
Tina.davis@sba.gov	SBA district office	https://legacy.sba.gov/sites/default/files/staff-directories/District%20Office%20Directory%20-%20North%20Florida%20%28Jan%202026%29.pdf	CONFIRMED	pdf
JaxOfferLetters@sba.gov	SBA district office	https://legacy.sba.gov/sites/default/files/staff-directories/District%20Office%20Directory%20-%20North%20Florida%20%28Jan%202026%29.pdf	CONFIRMED	pdf
Jose.ramos@sba.gov	SBA district office	https://legacy.sba.gov/sites/default/files/staff-directories/District%20Office%20Directory%20-%20North%20Florida%20%28Jan%202026%29.pdf	CONFIRMED	pdf
hawaii8a@sba.gov	SBA district office	https://legacy.sba.gov/sites/default/files/staff-directories/Hawaii%20District%20Office%20Directory%20-%206-9-25.pdf	CONFIRMED	pdf
joyce.quinn@sba.gov	SBA district office	https://legacy.sba.gov/sites/default/files/staff-directories/Hawaii%20District%20Office%20Directory%20-%206-9-25.pdf	CONFIRMED	pdf
mary.dale@sba.gov	SBA district office	https://legacy.sba.gov/sites/default/files/staff-directories/Hawaii%20District%20Office%20Directory%20-%206-9-25.pdf	CONFIRMED	pdf
susan.chang@sba.gov	SBA district office	https://legacy.sba.gov/sites/default/files/staff-directories/Hawaii%20District%20Office%20Directory%20-%206-9-25.pdf	CONFIRMED	pdf
IL8aOffer@sba.gov	SBA district office	https://legacy.sba.gov/sites/default/files/staff-directories/Illinois%20District%20Office%20Directory_0.pdf	CONFIRMED	pdf
lori.hackney@sba.gov	SBA district office	https://legacy.sba.gov/sites/default/files/staff-directories/Iowa%20District%20Office%20Directory%20for%20Website%20FY%2026%20%28November%29%20%28769d4f58-7776-47a3-bc63-ec5d8ee4fcc0%29.pdf	CONFIRMED	pdf
bradley.zaun@sba.gov	SBA district office	https://legacy.sba.gov/sites/default/files/staff-directories/Iowa%20District%20Office%20Directory%20for%20Website%20FY%2026%20%28November%29%20%28769d4f58-7776-47a3-bc63-ec5d8ee4fcc0%29.pdf	CONFIRMED	pdf
melissa.tedesco@sba.gov	SBA district office	https://legacy.sba.gov/sites/default/files/staff-directories/Kansas%20City%20District%20Office%20Directory%20%281%29.pdf	CONFIRMED	pdf
erLetters@sba.gov	SBA district office	https://legacy.sba.gov/sites/default/files/staff-directories/Kansas%20City%20District%20Office%20Directory%20%281%29.pdf	CONFIRMED	pdf
kansascity_do@sba.gov	SBA district office	https://legacy.sba.gov/sites/default/files/staff-directories/Kansas%20City%20District%20Office%20Directory%20%281%29.pdf	CONFIRMED	pdf
pamela.pearson@sba.gov	SBA district office	https://legacy.sba.gov/sites/default/files/staff-directories/Kentucky%20District%20Office%20Directory-508_0.pdf	CONFIRMED	pdf
michael.ashcraft@sba.gov	SBA district office	https://legacy.sba.gov/sites/default/files/staff-directories/Kentucky%20District%20Office%20Directory-508_0.pdf	CONFIRMED	pdf
Dwight.Armbrust@sba.gov	SBA district office	https://legacy.sba.gov/sites/default/files/staff-directories/Louisiana%20Office%20Directory%20Update%202026_0.pdf	CONFIRMED	pdf
Marjorae.ball@sba.gov	SBA district office	https://legacy.sba.gov/sites/default/files/staff-directories/Louisiana%20Office%20Directory%20Update%202026_0.pdf	CONFIRMED	pdf
Vallery.brumfield@sba.gov	SBA district office	https://legacy.sba.gov/sites/default/files/staff-directories/Louisiana%20Office%20Directory%20Update%202026_0.pdf	CONFIRMED	pdf
Kandace.zelaya@sba.gov	SBA district office	https://legacy.sba.gov/sites/default/files/staff-directories/Louisiana%20Office%20Directory%20Update%202026_0.pdf	CONFIRMED	pdf
gabrielle.coner@sba.gov	SBA district office	https://legacy.sba.gov/sites/default/files/staff-directories/Michigan%20District%20Office%20Directory-April%202%2C%202025.pdf	CONFIRMED	pdf
natt.lee@sba.gov	SBA district office	https://legacy.sba.gov/sites/default/files/staff-directories/Minnesota%20Office%20Directory%20-%203-20-2026%20%281%29.pdf	CONFIRMED	pdf
joyce.conner@sba.gov	SBA district office	https://legacy.sba.gov/sites/default/files/staff-directories/Mississippi%20Office%20Directory%20Mar%202026.pdf	CONFIRMED	pdf
tarvis.bethea@sba.gov	SBA district office	https://legacy.sba.gov/sites/default/files/staff-directories/Mississippi%20Office%20Directory%20Mar%202026.pdf	CONFIRMED	pdf
derek.eady@sba.gov	SBA district office	https://legacy.sba.gov/sites/default/files/staff-directories/Mississippi%20Office%20Directory%20Mar%202026.pdf	CONFIRMED	pdf
fells@sba.gov	SBA district office	https://legacy.sba.gov/sites/default/files/staff-directories/Mississippi%20Office%20Directory%20Mar%202026.pdf	CONFIRMED	pdf
rhonda.fisher@sba.gov	SBA district office	https://legacy.sba.gov/sites/default/files/staff-directories/Mississippi%20Office%20Directory%20Mar%202026.pdf	CONFIRMED	pdf
brian.buch@sba.gov	SBA district office	https://legacy.sba.gov/sites/default/files/staff-directories/Montana%20Office%20Directory.pdf	CONFIRMED	pdf
brent.donnelly@sba.gov	SBA district office	https://legacy.sba.gov/sites/default/files/staff-directories/Montana%20Office%20Directory.pdf	CONFIRMED	pdf
martin.dewitt@sba.gov	SBA district office	https://legacy.sba.gov/sites/default/files/staff-directories/Montana%20Office%20Directory.pdf	CONFIRMED	pdf
Theresa.Pinto@sba.gov	SBA district office	https://legacy.sba.gov/sites/default/files/staff-directories/NHDO%20Staff%20Directory%20December%202025%204.29.25%20%281%29_0.pdf	CONFIRMED	pdf
janett.peralta@sba.gov	SBA district office	https://legacy.sba.gov/sites/default/files/staff-directories/NJDO%20Directory%207-1-2025%20%28508%20Compliant%29.pdf	CONFIRMED	pdf
tedroy.young@sba.gov	SBA district office	https://legacy.sba.gov/sites/default/files/staff-directories/NJDO%20Directory%207-1-2025%20%28508%20Compliant%29.pdf	CONFIRMED	pdf
Jo.Eckert@sba.gov	SBA district office	https://legacy.sba.gov/sites/default/files/staff-directories/Nebraska%20District%20Office%20Directory%20May%202025.pdf	CONFIRMED	pdf
Consuelo.Fahrner@sba.gov	SBA district office	https://legacy.sba.gov/sites/default/files/staff-directories/Nevada%20SBA%20Office%20Directory%20-%20508.pdf	CONFIRMED	pdf
Saul.Ramos@sba.gov	SBA district office	https://legacy.sba.gov/sites/default/files/staff-directories/Nevada%20SBA%20Office%20Directory%20-%20508.pdf	CONFIRMED	pdf
elizabeth.Hill@sba.gov	SBA district office	https://legacy.sba.gov/sites/default/files/staff-directories/Nevada%20SBA%20Office%20Directory%20-%20508.pdf	CONFIRMED	pdf
michael.kantrud@sba.gov	SBA district office	https://legacy.sba.gov/sites/default/files/staff-directories/North%20Dakota%20District%20Office_Dec2025.pdf	CONFIRMED	pdf
MIAOfferLetters@sba.gov	SBA district office	https://legacy.sba.gov/sites/default/files/staff-directories/Office%20Directory%20Website%206-16-2025.pdf	CONFIRMED	pdf
Aimee.Perez@sba.gov	SBA district office	https://legacy.sba.gov/sites/default/files/staff-directories/Office%20Directory%20Website%206-16-2025.pdf	CONFIRMED	pdf
Craig.Ollander-Krane@sba.gov	SBA district office	https://legacy.sba.gov/sites/default/files/staff-directories/Office%20Directory%20Website%206-16-2025.pdf	CONFIRMED	pdf
Clemence.Garcia@sba.gov	SBA district office	https://legacy.sba.gov/sites/default/files/staff-directories/Office%20Directory%20Website%206-16-2025.pdf	CONFIRMED	pdf
Alyn.Fernandez@sba.gov	SBA district office	https://legacy.sba.gov/sites/default/files/staff-directories/Office%20Directory%20Website%206-16-2025.pdf	CONFIRMED	pdf
Dieulanie.Claude@sba.gov	SBA district office	https://legacy.sba.gov/sites/default/files/staff-directories/Office%20Directory%20Website%206-16-2025.pdf	CONFIRMED	pdf
karol.ikeda@sba.gov	SBA district office	https://legacy.sba.gov/sites/default/files/staff-directories/Office%20Directory%20for%20Web.pdf	CONFIRMED	pdf
michael.aumack@sba.gov	SBA district office	https://legacy.sba.gov/sites/default/files/staff-directories/Office%20Directory%20for%20Web.pdf	CONFIRMED	pdf
kimberly.herlihy@sba.gov	SBA district office	https://legacy.sba.gov/sites/default/files/staff-directories/Oklahoma%20District%20Office%20Directory%2026%205_0.pdf	CONFIRMED	pdf
OKofferletters@sba.gov	SBA district office	https://legacy.sba.gov/sites/default/files/staff-directories/Oklahoma%20District%20Office%20Directory%2026%205_0.pdf	CONFIRMED	pdf
stephanie.farris@sba.gov	SBA district office	https://legacy.sba.gov/sites/default/files/staff-directories/Oklahoma%20District%20Office%20Directory%2026%205_0.pdf	CONFIRMED	pdf
david.pinkosky@sba.gov	SBA district office	https://legacy.sba.gov/sites/default/files/staff-directories/PDO%20Office%20Directory%20-%204-30-25%20%281%29.pdf	CONFIRMED	pdf
eduardo.veleztorres@sba.gov	SBA district office	https://legacy.sba.gov/sites/default/files/staff-directories/Puerto%20Rico-USVI_District%20Office%20Directory_07.01.25.pdf	CONFIRMED	pdf
dollie.perez-ramos@sba.gov	SBA district office	https://legacy.sba.gov/sites/default/files/staff-directories/Puerto%20Rico-USVI_District%20Office%20Directory_07.01.25.pdf	CONFIRMED	pdf
frank.andujar@sba.gov	SBA district office	https://legacy.sba.gov/sites/default/files/staff-directories/Puerto%20Rico-USVI_District%20Office%20Directory_07.01.25.pdf	CONFIRMED	pdf
jose.fernandezesteves@sba.gov	SBA district office	https://legacy.sba.gov/sites/default/files/staff-directories/Puerto%20Rico-USVI_District%20Office%20Directory_07.01.25.pdf	CONFIRMED	pdf
jorge.valenzuela@sba.gov	SBA district office	https://legacy.sba.gov/sites/default/files/staff-directories/Puerto%20Rico-USVI_District%20Office%20Directory_07.01.25.pdf	CONFIRMED	pdf
francine.babiloniavazquez@sba.gov	SBA district office	https://legacy.sba.gov/sites/default/files/staff-directories/Puerto%20Rico-USVI_District%20Office%20Directory_07.01.25.pdf	CONFIRMED	pdf
lola.kress@sba.gov	SBA district office	https://legacy.sba.gov/sites/default/files/staff-directories/Puerto%20Rico-USVI_District%20Office%20Directory_07.01.25.pdf	CONFIRMED	pdf
eric.cortescintron@sba.gov	SBA district office	https://legacy.sba.gov/sites/default/files/staff-directories/Puerto%20Rico-USVI_District%20Office%20Directory_07.01.25.pdf	CONFIRMED	pdf
charles.huddleston@sba.gov	SBA district office	https://legacy.sba.gov/sites/default/files/staff-directories/Puerto%20Rico-USVI_District%20Office%20Directory_07.01.25.pdf	CONFIRMED	pdf
sandrieka.moore@sba.gov	SBA district office	https://legacy.sba.gov/sites/default/files/staff-directories/SBA%20ALDO%20Office%20Directory%2001.13.26.pdf	CONFIRMED	pdf
carol.house@sba.gov	SBA district office	https://legacy.sba.gov/sites/default/files/staff-directories/SBA%20ALDO%20Office%20Directory%2001.13.26.pdf	CONFIRMED	pdf
megyn.rodriguez@sba.gov	SBA district office	https://legacy.sba.gov/sites/default/files/staff-directories/SBA%20ALDO%20Office%20Directory%2001.13.26.pdf	CONFIRMED	pdf
mdofferletters@sba.gov	SBA district office	https://legacy.sba.gov/sites/default/files/staff-directories/SBA%20Baltimore%20Web%20Directory%20March%202025%20%281%29.pdf	CONFIRMED	pdf
deofferletters@sba.gov	SBA district office	https://legacy.sba.gov/sites/default/files/staff-directories/SBA%20Delaware%20Web%20Directory%20March%202025%20%281%29.pdf	CONFIRMED	pdf
houston@sba.gov	SBA district office	https://legacy.sba.gov/sites/default/files/staff-directories/SBA%20Houston%20District%20Office%20Directory_April%202026.pdf	CONFIRMED	pdf
Maine_DO@sba.gov	SBA district office	https://legacy.sba.gov/sites/default/files/staff-directories/SBA%20Maine%20District%20Office%20Directory%20%283%29.pdf	CONFIRMED	pdf
timothy.hobbs@sba.gov	SBA district office	https://legacy.sba.gov/sites/default/files/staff-directories/SBA%20Maine%20District%20Office%20Directory%20%283%29.pdf	CONFIRMED	pdf
diane.sturgeon@sba.gov	SBA district office	https://legacy.sba.gov/sites/default/files/staff-directories/SBA%20Maine%20District%20Office%20Directory%20%283%29.pdf	CONFIRMED	pdf
brad.currie@sba.gov	SBA district office	https://legacy.sba.gov/sites/default/files/staff-directories/SBA%20Maine%20District%20Office%20Directory%20%283%29.pdf	CONFIRMED	pdf
OCIE8a@sba.gov	SBA district office	https://legacy.sba.gov/sites/default/files/staff-directories/SBA%20Office%20Directory%20Orange%20County.pdf	CONFIRMED	pdf
OCIEDO-DSUP@sba.gov	SBA district office	https://legacy.sba.gov/sites/default/files/staff-directories/SBA%20Office%20Directory%20Orange%20County.pdf	CONFIRMED	pdf
angela.brewer@sba.gov	SBA district office	https://legacy.sba.gov/sites/default/files/staff-directories/SBA%20Office%20Directory%20South%20Carolina%20District%20Office%20-%20updated%204%2021%202025_0.pdf	CONFIRMED	pdf
brian.hopkins@sba.gov	SBA district office	https://legacy.sba.gov/sites/default/files/staff-directories/SBA%20Rhode%20Island%20Office%20Directory%20%282%29.pdf	CONFIRMED	pdf
katie.charron@sba.gov	SBA district office	https://legacy.sba.gov/sites/default/files/staff-directories/SBA%20Rhode%20Island%20Office%20Directory%20%282%29.pdf	CONFIRMED	pdf
Eric.Spencer@sba.gov	SBA district office	https://legacy.sba.gov/sites/default/files/staff-directories/SBA%20San%20Antonio%20DO%20Directory.updated%20031025%20%281%29.pdf	CONFIRMED	pdf
Orlando.Castaneda@sba.gov	SBA district office	https://legacy.sba.gov/sites/default/files/staff-directories/SBA%20San%20Antonio%20DO%20Directory.updated%20031025%20%281%29.pdf	CONFIRMED	pdf
Nestor.Astorga@sba.gov	SBA district office	https://legacy.sba.gov/sites/default/files/staff-directories/SBA%20San%20Antonio%20DO%20Directory.updated%20031025%20%281%29.pdf	CONFIRMED	pdf
SADO.email@sba.gov	SBA district office	https://legacy.sba.gov/sites/default/files/staff-directories/SBA%20San%20Antonio%20DO%20Directory.updated%20031025%20%281%29.pdf	CONFIRMED	pdf
amy.lea@sba.gov	SBA district office	https://legacy.sba.gov/sites/default/files/staff-directories/SBA%20Wyoming%20District%20Office%20Directory%20%283%29.pdf	CONFIRMED	pdf
tammi.hanshaw@sba.gov	SBA district office	https://legacy.sba.gov/sites/default/files/staff-directories/SBA%20Wyoming%20District%20Office%20Directory%20%283%29.pdf	CONFIRMED	pdf
David.Hincapie@sba.gov	SBA district office	https://legacy.sba.gov/sites/default/files/staff-directories/San%20Francisco%20Office%20Directory%20-%20July%202025.pdf	CONFIRMED	pdf
desiree.albrecht@sba.gov	SBA district office	https://legacy.sba.gov/sites/default/files/staff-directories/Seattle%20DO%20phone%20list%20May%202026_0.pdf	CONFIRMED	pdf
ranvir.singh@sba.gov	SBA district office	https://legacy.sba.gov/sites/default/files/staff-directories/Seattle%20DO%20phone%20list%20May%202026_0.pdf	CONFIRMED	pdf
melanie.norton@sba.gov	SBA district office	https://legacy.sba.gov/sites/default/files/staff-directories/Seattle%20DO%20phone%20list%20May%202026_0.pdf	CONFIRMED	pdf
fernando.cervantes@sba.gov	SBA district office	https://legacy.sba.gov/sites/default/files/staff-directories/Seattle%20DO%20phone%20list%20May%202026_0.pdf	CONFIRMED	pdf
janie.sacco@sba.gov	SBA district office	https://legacy.sba.gov/sites/default/files/staff-directories/Seattle%20DO%20phone%20list%20May%202026_0.pdf	CONFIRMED	pdf
stephen.barr@sba.gov	SBA district office	https://legacy.sba.gov/sites/default/files/staff-directories/Syracuse%20District%20Office%20Directory%2006022026-508.pdf	CONFIRMED	pdf
TN@sba.gov	SBA district office	https://legacy.sba.gov/sites/default/files/staff-directories/TNDO-office-directory.pdf	CONFIRMED	pdf
Cheryl.Richens@sba.gov	SBA district office	https://legacy.sba.gov/sites/default/files/staff-directories/Updated%20Utah%20District%20Office%20Directory%20May%202025.pdf	CONFIRMED	pdf
John.Gygi@sba.gov	SBA district office	https://legacy.sba.gov/sites/default/files/staff-directories/Updated%20Utah%20District%20Office%20Directory%20May%202025.pdf	CONFIRMED	pdf
Marla.Trollan@sba.gov	SBA district office	https://legacy.sba.gov/sites/default/files/staff-directories/Updated%20Utah%20District%20Office%20Directory%20May%202025.pdf	CONFIRMED	pdf
Richmond.Va@sba.gov	SBA district office	https://legacy.sba.gov/sites/default/files/staff-directories/Virginia%20District%20Office%20Directory_REM05.pdf	CONFIRMED	pdf
RDOfferletters@sba.gov	SBA district office	https://legacy.sba.gov/sites/default/files/staff-directories/Virginia%20District%20Office%20Directory_REM05.pdf	CONFIRMED	pdf
dcmpjv8a@sba.gov	SBA district office	https://legacy.sba.gov/sites/default/files/staff-directories/WMADO%20Staff%20Directory%20-%20March%2020%2C%202025.pdf	CONFIRMED	pdf
dcbusdev8a@sba.gov	SBA district office	https://legacy.sba.gov/sites/default/files/staff-directories/WMADO%20Staff%20Directory%20-%20March%2020%2C%202025.pdf	CONFIRMED	pdf
dcofferletters@sba.gov	SBA district office	https://legacy.sba.gov/sites/default/files/staff-directories/WMADO%20Staff%20Directory%20-%20March%2020%2C%202025.pdf	CONFIRMED	pdf
dcrecert8a@sba.gov	SBA district office	https://legacy.sba.gov/sites/default/files/staff-directories/WMADO%20Staff%20Directory%20-%20March%2020%2C%202025.pdf	CONFIRMED	pdf
DCLending@sba.gov	SBA district office	https://legacy.sba.gov/sites/default/files/staff-directories/WMADO%20Staff%20Directory%20-%20March%2020%2C%202025.pdf	CONFIRMED	pdf
karen.friel@sba.gov	SBA district office	https://legacy.sba.gov/sites/default/files/staff-directories/West%20Virginia%20Office%20Directory.pdf	CONFIRMED	pdf
james.strube@sba.gov	SBA district office	https://legacy.sba.gov/sites/default/files/staff-directories/Wisconsin%20District%20Office%20Directory.pdf	CONFIRMED	pdf
y@sba.gov	SBA district office	https://legacy.sba.gov/sites/default/files/staff-directories/Wisconsin%20District%20Office%20Directory.pdf	CONFIRMED	pdf
er@sba.gov	SBA district office	https://legacy.sba.gov/sites/default/files/staff-directories/Wisconsin%20District%20Office%20Directory.pdf	CONFIRMED	pdf
tammie.clendenning@sba.gov	SBA district office	https://legacy.sba.gov/sites/default/files/staff-directories/Wisconsin%20District%20Office%20Directory.pdf	CONFIRMED	pdf
Jordan.Ripley@sba.gov	SBA district office	https://legacy.sba.gov/sites/default/files/staff-directories/arizona-district-office-directory_0.pdf	CONFIRMED	pdf
Mara.Wells@sba.gov	SBA district office	https://legacy.sba.gov/sites/default/files/staff-directories/arizona-district-office-directory_0.pdf	CONFIRMED	pdf
Yvette.Estrada@sba.gov	SBA district office	https://legacy.sba.gov/sites/default/files/staff-directories/arizona-district-office-directory_0.pdf	CONFIRMED	pdf
Delia.Castillo@sba.gov	SBA district office	https://legacy.sba.gov/sites/default/files/staff-directories/arizona-district-office-directory_0.pdf	CONFIRMED	pdf
arizona8a@sba.gov	SBA district office	https://legacy.sba.gov/sites/default/files/staff-directories/arizona-district-office-directory_0.pdf	CONFIRMED	pdf
Karen.Allen@sba.gov	SBA district office	https://legacy.sba.gov/sites/default/files/staff-directories/arizona-district-office-directory_0.pdf	CONFIRMED	pdf
Stephen.Hart@sba.gov	SBA district office	https://legacy.sba.gov/sites/default/files/staff-directories/arizona-district-office-directory_0.pdf	CONFIRMED	pdf
tyrone.williams@sba.gov	SBA district office	https://legacy.sba.gov/sites/default/files/staff-directories/massachusetts-district-office-directory-January-2026.pdf	CONFIRMED	pdf
lisa.welch@sba.gov	SBA district office	https://legacy.sba.gov/sites/default/files/staff-directories/massachusetts-district-office-directory-January-2026.pdf	CONFIRMED	pdf
AFLCMC.HNCX.Helpdesk@us.af.mil	USAF (AFLCMC)	https://login.dso.mil/	CONFIRMED	html
meet@machindustries.com	Mach Industries	https://machindustries.com/contact	CONFIRMED	html
Meaghan.Cox@L3Harris.com	L3Harris	https://markets.ft.markitdigital.com/data/announce/full?dockey=600-202606241615BIZWIRE_USPRX____20260624_BW309409-1	CONFIRMED	html
Elizabeth.Silva@L3Harris.com	L3Harris	https://markets.ft.markitdigital.com/data/announce/full?dockey=600-202608121400BIZWIRE_USPRX____20260812_BW600437-1	CONFIRMED	html
arlette.abrahamson@state.mn.us	Minnesota APEX Accelerator	https://mn.gov/admin/business/vendor-info/apexaccelerator/staff/	NOT-ON-PAGE	html
christina.nebel-dickerson@state.mn.us	Minnesota APEX Accelerator	https://mn.gov/admin/business/vendor-info/apexaccelerator/staff/	NOT-ON-PAGE	html
dallas.apfelbacher@state.mn.us	Minnesota APEX Accelerator	https://mn.gov/admin/business/vendor-info/apexaccelerator/staff/	NOT-ON-PAGE	html
gary.crook@state.mn.us	Minnesota APEX Accelerator	https://mn.gov/admin/business/vendor-info/apexaccelerator/staff/	NOT-ON-PAGE	html
mark.cooper@state.mn.us	Minnesota APEX Accelerator	https://mn.gov/admin/business/vendor-info/apexaccelerator/staff/	NOT-ON-PAGE	html
sean.indrelie@state.mn.us	Minnesota APEX Accelerator	https://mn.gov/admin/business/vendor-info/apexaccelerator/staff/	NOT-ON-PAGE	html
tonya.lamont@state.mn.us	Minnesota APEX Accelerator	https://mn.gov/admin/business/vendor-info/apexaccelerator/staff/	NOT-ON-PAGE	html
traci.birkholtz@state.mn.us	Minnesota APEX Accelerator	https://mn.gov/admin/business/vendor-info/apexaccelerator/staff/	NOT-ON-PAGE	html
tyler.ma.freeman@state.mn.us	Minnesota APEX Accelerator	https://mn.gov/admin/business/vendor-info/apexaccelerator/staff/	NOT-ON-PAGE	html
eades@snowymountaindevelopment.com	Montana APEX Accelerator	https://montanaapex.org	CONFIRMED	html
jill@dobusinessinmontana.com	Montana APEX Accelerator	https://montanaapex.org	CONFIRMED	html
julie@bigskyeda.org	Montana APEX Accelerator	https://montanaapex.org	CONFIRMED	html
lsunwall@growgreatfalls.org	Montana APEX Accelerator	https://montanaapex.org	CONFIRMED	html
lynnette@bigskyeda.org	Montana APEX Accelerator	https://montanaapex.org	CONFIRMED	html
patty.cox@umontana.edu	Montana APEX Accelerator	https://montanaapex.org	CONFIRMED	html
sclancy@growgreatfalls.org	Montana APEX Accelerator	https://montanaapex.org	CONFIRMED	html
tereza@bigskyeda.org	Montana APEX Accelerator	https://montanaapex.org	CONFIRMED	html
terri.murphy@mso.umt.edu	Montana APEX Accelerator	https://montanaapex.org	CONFIRMED	html
wheatley@snowymountaindevelopment.com	Montana APEX Accelerator	https://montanaapex.org	CONFIRMED	html
stpinfo@atsicorp.com	Navy SBIR/STTR Transition Program (Navy STP)	https://navystp.com	CONFIRMED	html
haley1.johnson@ngc.com	Northrop Grumman	https://news.northropgrumman.com/contact	CONFIRMED	html
caroline.mays@ngc.com	Northrop Grumman	https://news.northropgrumman.com/contact	CONFIRMED	html
brand.licensing@ngc.com	Northrop Grumman	https://news.northropgrumman.com/contact	CONFIRMED	html
newsbureau@ngc.com	Northrop Grumman	https://news.northropgrumman.com/contact	CONFIRMED	html
matthew.seyler@ngc.com	Northrop Grumman	https://news.northropgrumman.com/contact	CONFIRMED	html
krista.alestock@ngc.com	Northrop Grumman	https://news.northropgrumman.com/contact	CONFIRMED	html
jennifer.womble@ngc.com	Northrop Grumman	https://news.northropgrumman.com/contact	CONFIRMED	html
keerthi.goutham@accenture.com	Accenture / Accenture Federal Services	https://newsroom.accenture.com/pr-contacts	NOT-ON-PAGE	html
sblo@noblis.org	Noblis	https://noblis-esi.com/work-with-us/small-business/	NOT-ON-PAGE	html
free_j@pennwest.edu	PennWest GACO APEX Accelerator (Pennsylvania)	https://pennwest.edu/about/offices-services/gaco/	CONFIRMED	html
glodek@pennwest.edu	PennWest GACO APEX Accelerator (Pennsylvania)	https://pennwest.edu/about/offices-services/gaco/	CONFIRMED	html
julian@pennwest.edu	PennWest GACO APEX Accelerator (Pennsylvania)	https://pennwest.edu/about/offices-services/gaco/	CONFIRMED	html
kachur_v@pennwest.edu	PennWest GACO APEX Accelerator (Pennsylvania)	https://pennwest.edu/about/offices-services/gaco/	CONFIRMED	html
robertson@pennwest.edu	PennWest GACO APEX Accelerator (Pennsylvania)	https://pennwest.edu/about/offices-services/gaco/	CONFIRMED	html
inquiries@rebelliondefense.com	Rebellion Defense	https://rebelliondefense.com/	CONFIRMED	html
matt.nelson@teambespin.us	USAF (AFLCMC)	https://repo1.dso.mil/platform-one/bullhorn-delivery-static-assets/-/raw/master/cso/community-of-practice/10-12-2023%20DevSecOps%20CoP%20-%20Software%20Factories%20Deep%20Dive%20FINAL.pdf	CONFIRMED	pdf
charlie.bahk@usmc.mil	USMC	https://repo1.dso.mil/platform-one/bullhorn-delivery-static-assets/-/raw/master/cso/community-of-practice/10-12-2023%20DevSecOps%20CoP%20-%20Software%20Factories%20Deep%20Dive%20FINAL.pdf	CONFIRMED	pdf
matthew.j.robinson@usmc.mil	USMC	https://repo1.dso.mil/platform-one/bullhorn-delivery-static-assets/-/raw/master/cso/community-of-practice/10-12-2023%20DevSecOps%20CoP%20-%20Software%20Factories%20Deep%20Dive%20FINAL.pdf	CONFIRMED	pdf
jeffery.averette@usmc.mil	USMC	https://repo1.dso.mil/platform-one/bullhorn-delivery-static-assets/-/raw/master/cso/community-of-practice/10-12-2023%20DevSecOps%20CoP%20-%20Software%20Factories%20Deep%20Dive%20FINAL.pdf	CONFIRMED	pdf
matthew.robinson@usmc.mil	USMC	https://repo1.dso.mil/platform-one/bullhorn-delivery-static-assets/-/raw/master/cso/community-of-practice/10-12-2023%20DevSecOps%20CoP%20-%20Software%20Factories%20Deep%20Dive%20FINAL.pdf	CONFIRMED	pdf
tyler.hough@us.af.mil	USSF (AFRL)	https://repo1.dso.mil/platform-one/bullhorn-delivery-static-assets/-/raw/master/cso/community-of-practice/10-12-2023%20DevSecOps%20CoP%20-%20Software%20Factories%20Deep%20Dive%20FINAL.pdf	CONFIRMED	pdf
deborah.c.cessna.ctr@us.navy.mil	US Navy	https://repo1.dso.mil/platform-one/bullhorn-delivery-static-assets/-/raw/master/cso/community-of-practice/10-12-2023%20DevSecOps%20CoP%20-%20Software%20Factories%20Deep%20Dive%20FINAL.pdf	CONFIRMED	pdf
jonathan.m.yi.civ@us.navy.mil	US Navy	https://repo1.dso.mil/platform-one/bullhorn-delivery-static-assets/-/raw/master/cso/community-of-practice/10-12-2023%20DevSecOps%20CoP%20-%20Software%20Factories%20Deep%20Dive%20FINAL.pdf	CONFIRMED	pdf
larico.c.boswell.civ@us.navy.mil	US Navy	https://repo1.dso.mil/platform-one/bullhorn-delivery-static-assets/-/raw/master/cso/community-of-practice/10-12-2023%20DevSecOps%20CoP%20-%20Software%20Factories%20Deep%20Dive%20FINAL.pdf	CONFIRMED	pdf
DNA_CICD_Team@us.navy.mil	US Navy	https://repo1.dso.mil/platform-one/bullhorn-delivery-static-assets/-/raw/master/cso/community-of-practice/10-12-2023%20DevSecOps%20CoP%20-%20Software%20Factories%20Deep%20Dive%20FINAL.pdf	CONFIRMED	pdf
keely.albrecht@usmc.mil	USMC	https://repo1.dso.mil/platform-one/bullhorn-delivery-static-assets/-/raw/master/cso/community-of-practice/10-12-2023%20DevSecOps%20CoP%20-%20Software%20Factories%20Deep%20Dive%20FINAL.pdf	CONFIRMED	pdf
advancedresearch@mda.mil	MDA	https://sam.gov/api/prod/opps/v2/opportunities/06e9d2700fd042c789e8193b22e1c300	CONFIRMED	html
Tracy.Miller@hq.dhs.gov	DHS	https://sam.gov/api/prod/opps/v2/opportunities/0d21a924c3f94438ac10f3fe2e56b371	CONFIRMED	html
MDA2024IndustrySummit@mda.mil	MDA	https://sam.gov/api/prod/opps/v2/opportunities/13f65d88d0124b8e8ecf8b225e6dba79	CONFIRMED	html
DISASmallBusiness@mail.mil	DISA	https://sam.gov/api/prod/opps/v2/opportunities/1746e4bbb9e840409995723ade790205	CONFIRMED	html
jonathan.sakshaug@nro.mil	NRO	https://sam.gov/api/prod/opps/v2/opportunities/1f74d13b006de9c12cc768245c2c4ca0	CONFIRMED	html
openforbusiness@uscg.mil	USCG	https://sam.gov/api/prod/opps/v2/opportunities/24787efc4b3f4864bc601b92f14e60cc	CONFIRMED	html
Michelene.C.Rangel@uscg.mil	USCG	https://sam.gov/api/prod/opps/v2/opportunities/24787efc4b3f4864bc601b92f14e60cc	CONFIRMED	html
Kayode.A.Adewole@uscg.mil	DHS (Maritime) / USCG	https://sam.gov/api/prod/opps/v2/opportunities/32923c9e47ed4f6b828c8bd0531c1286	CONFIRMED	html
disa.scott.ditco.mbx.ps84-other-transaction-authority@mail.mil	DISA	https://sam.gov/api/prod/opps/v2/opportunities/337f8cf6dec84131944c2102176acd55	CONFIRMED	html
daniel.r.fadely@nga.mil	NGA	https://sam.gov/api/prod/opps/v2/opportunities/4c4f1e60f6e547f09216860a1ca5320e	CONFIRMED	html
delores.m.hill@nga.mil	NGA	https://sam.gov/api/prod/opps/v2/opportunities/4c4f1e60f6e547f09216860a1ca5320e	CONFIRMED	html
jennifer.sylvestre@dia.mil	DIA	https://sam.gov/api/prod/opps/v2/opportunities/5c11fd42c2f184187f0eb6a3d0132dcc	CONFIRMED	html
kimberly.davila@dia.mil	DIA	https://sam.gov/api/prod/opps/v2/opportunities/5c11fd42c2f184187f0eb6a3d0132dcc	CONFIRMED	html
sbirsttr@mda.mil	MDA	https://sam.gov/api/prod/opps/v2/opportunities/68b1836a1d4e477f9918299a511255b7	CONFIRMED	html
carlen.l.capenos.civ@mail.mil	DISA	https://sam.gov/api/prod/opps/v2/opportunities/6cdf0f95663e4099a70796ae536c6af8	CONFIRMED	html
Kiemisha.Sweetney@uscg.mil	USCG	https://sam.gov/api/prod/opps/v2/opportunities/7d8e3f37937b49e6b024c4a0abb22c1b	CONFIRMED	html
mda.next-generation-air-and-missile-defense-industry-day@mail.mil	MDA	https://sam.gov/api/prod/opps/v2/opportunities/9bc57cafaad140d99bf797b664bd2ed1	CONFIRMED	html
john.whipple@hq.dhs.gov	DHS S&T	https://sam.gov/api/prod/opps/v2/opportunities/a0969993ee8542988595334947e39a7d	CONFIRMED	html
MPP@nga.mil	NGA	https://sam.gov/api/prod/opps/v2/opportunities/a74f5af6ba94a61704bb03f7b1be3cd8	CONFIRMED	html
mitchelj@nro.mil	NRO	https://sam.gov/api/prod/opps/v2/opportunities/a9f99fb32543aabb655963ce91682323	CONFIRMED	html
dii@nro.mil	NRO	https://sam.gov/api/prod/opps/v2/opportunities/ad65d86b2be1e7140e97ec438798549f	CONFIRMED	html
smallbusiness@dodiis.mil	DIA	https://sam.gov/api/prod/opps/v2/opportunities/af4a0a57f4d24e43a57f0754b12453bf	CONFIRMED	html
storabri@nro.mil	NRO	https://sam.gov/api/prod/opps/v2/opportunities/bc319f5ad4f14acb43ebed139efc2e24	CONFIRMED	html
acquisition.policy@hq.dhs.gov	DHS	https://sam.gov/api/prod/opps/v2/opportunities/c47f961aaabcd7c5c93830064644875c	CONFIRMED	html
cisaindustryengagement@cisa.dhs.gov	CISA	https://sam.gov/api/prod/opps/v2/opportunities/cc938ec6461f4bb9b0b92cefa6bafaff	CONFIRMED	html
margo.c.gasquet@nga.mil	NGA	https://sam.gov/api/prod/opps/v2/opportunities/dd5e7375bfc1449398a35e60faa2af42	CONFIRMED	html
osd.pentagon.cdao.list.cdao-dsc-front-office@mail.mil	DoD CDAO	https://sam.gov/api/prod/opps/v2/opportunities/ee238fbac9014c54be190e92417dfb46	CONFIRMED	html
TechnologyTransformation@mda.mil	MDA	https://sam.gov/api/prod/opps/v2/opportunities/fa8129122c7d4c48874560963ee65226	CONFIRMED	html
kevin.boycourt@nro.mil	NRO	https://sam.gov/api/prod/opps/v2/opportunities/fec6cb79888488b1ab0a08b2b51794eb	CONFIRMED	html
essexand@nro.mil	NRO	https://sam.gov/api/prod/opps/v2/opportunities/ffcc5b2d036646c18d925df2dac64f0b	CONFIRMED	html
kelly.puvogel@us.af.mil	USAF (AFLCMC)	https://sam.gov/opp/0137f68e1a3f40bbbafae40a5a27c55b/view	NOT-ON-PAGE	html
michael.kent.9@us.af.mil	USAF (AFLCMC)	https://sam.gov/opp/0137f68e1a3f40bbbafae40a5a27c55b/view	NOT-ON-PAGE	html
jessie.m.rehwoldt.civ@us.navy.mil	US Navy (NIWC Atlantic)	https://sam.gov/opp/01a3cc367c76483cbcdbf6b00fb5512c/view	NOT-ON-PAGE	html
aal-baa@army.mil	Army Applications Laboratory (AAL)	https://sam.gov/opp/0a6918551b154e81ad8a43201a3dbefa/view	NOT-ON-PAGE	html
a2v2@aal.mil	Army Applications Laboratory (AAL)	https://sam.gov/opp/0a6918551b154e81ad8a43201a3dbefa/view	NOT-ON-PAGE	html
derek.w.petersen.civ@us.navy.mil	NavalX	https://sam.gov/opp/0dbd659a359d48f989e6e5ea00707439/view	NOT-ON-PAGE	html
christopher.a.pedone.ctr@us.navy.mil	NavalX	https://sam.gov/opp/0dbd659a359d48f989e6e5ea00707439/view	NOT-ON-PAGE	html
nicholas.kimmey@us.af.mil	DoW Chief Digital and Artificial Intelligence Office (CDAO)	https://sam.gov/opp/0ddce07a13ef40bda8d3f8acd5e4038c/view	NOT-ON-PAGE	html
richard.wahidi@us.af.mil	DoW Chief Digital and Artificial Intelligence Office (CDAO)	https://sam.gov/opp/0ddce07a13ef40bda8d3f8acd5e4038c/view	NOT-ON-PAGE	html
NAVWAR_2.7_CSO@us.navy.mil	NAVWAR 2.7	https://sam.gov/opp/0e829148497b4903bf23e840d860f666/view	NOT-ON-PAGE	html
sabine.besler.civ@us.navy.mil	NAVWAR 2.7	https://sam.gov/opp/0e829148497b4903bf23e840d860f666/view	NOT-ON-PAGE	html
lanora.means@socom.mil	USSOCOM	https://sam.gov/opp/11745f3eb2504c45ad05583b48218fcf/view	NOT-ON-PAGE	html
ronald.e.reed.civ@socom.mil	USSOCOM	https://sam.gov/opp/13652229937246b983134e248be99548/view	NOT-ON-PAGE	html
james.s.helmick.civ@socom.mil	USSOCOM	https://sam.gov/opp/13652229937246b983134e248be99548/view	NOT-ON-PAGE	html
aflcmc.hncx.p1licensemanagement@us.af.mil	USAF (AFLCMC)	https://sam.gov/opp/138575fdf0d649a5b3f62db5102a2c21/view	NOT-ON-PAGE	html
wayne.griggs.3@us.af.mil	USAF (AFLCMC)	https://sam.gov/opp/1b5b3f9858204213b87d40c793974615/view	NOT-ON-PAGE	html
paula.frazer@us.af.mil	USAF (AFLCMC)	https://sam.gov/opp/1c30571e7399499f8d28914c200c67fd/view	NOT-ON-PAGE	html
Christopher.Toft@USMC.mil	Marine Corps Software Factory (MCSWF)	https://sam.gov/opp/21370260a9ca4f9bbcc4c671d346b5b9/view	NOT-ON-PAGE	html
marlanea.kirkbride@usmc.mil	Marine Corps Software Factory (MCSWF)	https://sam.gov/opp/21370260a9ca4f9bbcc4c671d346b5b9/view	NOT-ON-PAGE	html
travis.cowsert@navy.mil	Navy PEO Digital	https://sam.gov/opp/2190acae465b47bcb6fb16bb3b4eb198/view	NOT-ON-PAGE	html
DibbsBSM@dla.mil	DLA (Defense Logistics Agency)	https://sam.gov/opp/24cfaf0b56754510a5b5c2fe381ef3a4/view	NOT-ON-PAGE	html
mark.r.luckritz.civ@mail.mil	USAF (AFLCMC)	https://sam.gov/opp/2942d8a77eb4d9a9449a3ef263f4a379/view	NOT-ON-PAGE	html
Mary.Dent@navy.mil	Office of Naval Research (ONR) / NavalX	https://sam.gov/opp/2974c55cb74b40e58c4946ea9ba9fc92/view	NOT-ON-PAGE	html
maggie.uriostigue@navy.mil	Navy PEO EIS	https://sam.gov/opp/2d231280252495224ace9aeecee2fb31/view	CONFIRMED	html
morgan.j.evans6.civ@army.mil	DoD (CDAO / Army ACC-APG Adelphi)	https://sam.gov/opp/2e5279d4dd8e49f89dc40c6d372c499a/view	NOT-ON-PAGE	html
lee.e.troope.civ@army.mil	DoD (CDAO / Army ACC-APG Adelphi)	https://sam.gov/opp/2e5279d4dd8e49f89dc40c6d372c499a/view	NOT-ON-PAGE	html
michaela.desch@us.af.mil	DoW Chief Digital and Artificial Intelligence Office (CDAO)	https://sam.gov/opp/30163e7744f74375841375cbd01f1401/view	NOT-ON-PAGE	html
veronica.court@us.af.mil	DoW Chief Digital and Artificial Intelligence Office (CDAO)	https://sam.gov/opp/30163e7744f74375841375cbd01f1401/view	NOT-ON-PAGE	html
SSC.BMZ.SYD85@spaceforce.mil	USSF (SSC)	https://sam.gov/opp/395482c0c6f546b1841d46322641d936/view	NOT-ON-PAGE	html
jessica.d.young@navy.mil	Office of Naval Research (ONR) / NavalX	https://sam.gov/opp/396b930ba7ff4974a1c7e469b7bb97e8/view	NOT-ON-PAGE	html
ashley.blaess@us.af.mil	USAF (AFLCMC)	https://sam.gov/opp/3af14031f09c427a9952e84405f03c57/view	NOT-ON-PAGE	html
diamont.daniel-malsch@us.af.mil	USAF (AFLCMC)	https://sam.gov/opp/3af14031f09c427a9952e84405f03c57/view	NOT-ON-PAGE	html
sarah.b.weigandt.civ@army.mil	DoD (CDAO)	https://sam.gov/opp/3b22374d646240429d4dc754a23c20d0/view	NOT-ON-PAGE	html
molly.j.lewis4.civ@army.mil	DoD (CDAO)	https://sam.gov/opp/3b22374d646240429d4dc754a23c20d0/view	NOT-ON-PAGE	html
usarmy.apg.cpe-isw.mbx.emso-cso-ko@army.mil	Army CSO	https://sam.gov/opp/3b354d22054e4c12b673cd8bcab39143/view	NOT-ON-PAGE	html
raymond.c.bailey2.civ@army.mil	Army CSO	https://sam.gov/opp/3b354d22054e4c12b673cd8bcab39143/view	NOT-ON-PAGE	html
kristen.n.robertson4.civ@army.mil	Army CSO	https://sam.gov/opp/3b354d22054e4c12b673cd8bcab39143/view	NOT-ON-PAGE	html
joseph.sade@navy.mil	Navy	https://sam.gov/opp/3c2fb851ebf08dcce7c3ab97e847dbdf/view	NOT-ON-PAGE	html
kimberly.a.reidy.civ@us.navy.mil	NAVWAR / PEO C4I	https://sam.gov/opp/3c69523cacb14a588fa701b2dab9ec55/view	NOT-ON-PAGE	html
abigail.browchuk@us.af.mil	USAF (AFLCMC)	https://sam.gov/opp/3da4ee780e8c44b1bfcc16c6c04ae02a/view	NOT-ON-PAGE	html
amanda.r.nichols9.civ@army.mil	DoW Chief Digital and Artificial Intelligence Office (CDAO)	https://sam.gov/opp/47c78803a0364abd99a723382dea10dc/view	NOT-ON-PAGE	html
claire.hawley@sofwerx.org	SOFWERX (USSOCOM)	https://sam.gov/opp/4970394758c142ae8797c65111fe7065/view	NOT-ON-PAGE	html
betty.jester@navy.mil	Office of Naval Research (ONR) / NavalX	https://sam.gov/opp/4c0e052aa67041dc8ac414cbfc2308c4/view	NOT-ON-PAGE	html
claudette.surrento@navy.mil	Office of Naval Research (ONR) / NavalX	https://sam.gov/opp/4c0e052aa67041dc8ac414cbfc2308c4/view	NOT-ON-PAGE	html
clps@aal.mil	Army Applications Laboratory (AAL)	https://sam.gov/opp/4c7dad6a34f84111a8318d74e2f302f3/view	NOT-ON-PAGE	html
christopher.d.justice4.civ@mail.mil	Army Software Factory (ASF)	https://sam.gov/opp/52e67facf3084e8d85a61582dbb2143d/view	NOT-ON-PAGE	html
jeffrey.dedrick@spaceforce.mil	USSF (SSC)	https://sam.gov/opp/54a2d4474ce24c03ae752ff5be3c19b2/view	NOT-ON-PAGE	html
Maryam.B.Atkins.civ@us.navy.mil	NIWC Atlantic	https://sam.gov/opp/598e0171c6f943daa4dbac270fdefa45/view	NOT-ON-PAGE	html
lara.k.chiaurro.civ@mail.mil	DoW Chief Digital and Artificial Intelligence Office (CDAO)	https://sam.gov/opp/5ecdc0bbdf974123a86b63090b225e5e/view	NOT-ON-PAGE	html
adam.s.ragland.civ@army.mil	Army CSO	https://sam.gov/opp/61306c8c50464b68bb9e32f208c07ac1/view	NOT-ON-PAGE	html
robert.l.lamb10.civ@army.mil	Army CSO	https://sam.gov/opp/61306c8c50464b68bb9e32f208c07ac1/view	NOT-ON-PAGE	html
michael.lodi@us.af.mil	USAF (AFLCMC)	https://sam.gov/opp/645c431fae154a88b5e9c378875ab53e/view	NOT-ON-PAGE	html
elizabeth.k.white9.civ@us.navy.mil	US Navy (NIWC Atlantic)	https://sam.gov/opp/6917b4c744ac4f949c3c275236f4c460/view	NOT-ON-PAGE	html
christopher.s.hawkins18.civ@us.navy.mil	US Navy (NIWC Atlantic)	https://sam.gov/opp/6917b4c744ac4f949c3c275236f4c460/view	NOT-ON-PAGE	html
susan.a.chamberlin.civ@us.navy.mil	US Navy (NIWC Pacific)	https://sam.gov/opp/698692ec79784e7daf55f2d4e29d1477/view	NOT-ON-PAGE	html
melodie.y.fisher@usace.army.mil	Army CSO	https://sam.gov/opp/6b9d2930d059441a840be83d782ecf9f/view	NOT-ON-PAGE	html
CRREL-CSO@usace.army.mil	Army CSO	https://sam.gov/opp/6b9d2930d059441a840be83d782ecf9f/view	NOT-ON-PAGE	html
benjamin.j.ossenfort.civ@us.navy.mil	Naval Information Warfare Center (NIWC)	https://sam.gov/opp/6db04a8afa964cad91c3f5f6f4f45ca6/view	NOT-ON-PAGE	html
usarmy.pentagon.hqda-asa-alt.mbx.xtechsearch@mail.mil	Army xTech / xTechSearch	https://sam.gov/opp/72dfb974bde24daca167e730bd99c3fe/view	NOT-ON-PAGE	html
neal.duiker@us.af.mil	USAF (AFLCMC)	https://sam.gov/opp/75059d212fb444dfa41a1520280a2ed6/view	NOT-ON-PAGE	html
usarmy.pittsburgh-pa.futures-cmd.mbx.ai2c-baa-submissions@army.mil	Army AI2C	https://sam.gov/opp/75ac2ea6b5f743388731c6cd7b45428d/view	NOT-ON-PAGE	html
ai2c_baa_submissions@army.mil	Army AI2C	https://sam.gov/opp/75ac2ea6b5f743388731c6cd7b45428d/view	NOT-ON-PAGE	html
OpenCampus@arl.army.mil	DEVCOM	https://sam.gov/opp/78f5c53257259a4b0caea48c49230ada/view	NOT-ON-PAGE	html
bryan.f.mansfield.civ@us.navy.mil	US Navy (NIWC Pacific)	https://sam.gov/opp/7a212ee20557430d9a17b0f8abf44279/view	NOT-ON-PAGE	html
ray.a.shepard.ctr@us.navy.mil	NavalX	https://sam.gov/opp/7f0d687bc9f141fcb79b6541f7f71666/view	NOT-ON-PAGE	html
william.c.keim2.ctr@us.navy.mil	NavalX	https://sam.gov/opp/7f0d687bc9f141fcb79b6541f7f71666/view	NOT-ON-PAGE	html
gabrielle.robles@sofwerx.org	SOFWERX (USSOCOM)	https://sam.gov/opp/7f270f1c9d0b484190b438d57fa626b1/view	NOT-ON-PAGE	html
usarmy.redstone.acc.mbx.acc-rsa-advm-cso@army.mil	Army CSO	https://sam.gov/opp/7f9b0cd559494155a50c7e5af0f11bbd/view	NOT-ON-PAGE	html
dane.j.black.civ@us.navy.mil	US Navy (NIWC Pacific)	https://sam.gov/opp/8469e11a72a5431abc33990cb3a63e56/view	NOT-ON-PAGE	html
danica.r.sablad.civ@us.navy.mil	Navy PEO Digital	https://sam.gov/opp/89e6f644c3434ccfac3bfc793a60b5fb/view	NOT-ON-PAGE	html
David.L.Kaufman@navy.mil	ONR / Navy	https://sam.gov/opp/8c93a97426707052c1e8308cf94db65d/view	NOT-ON-PAGE	html
paula.somers@navy.mil	ONR / Navy	https://sam.gov/opp/8c93a97426707052c1e8308cf94db65d/view	NOT-ON-PAGE	html
john.barron.3@us.af.mil	USAF (AFLCMC)	https://sam.gov/opp/8d0614a29d3c4bbbbd1c8ac398307af8/view	NOT-ON-PAGE	html
catharine.teeple@navy.mil	Naval Integration in a Contested Environment (NICE)	https://sam.gov/opp/8f708f81d3de476b8c525888bbe5fd0e/view	NOT-ON-PAGE	html
NICE.ANTX21.fct@navy.mil	Naval Integration in a Contested Environment (NICE)	https://sam.gov/opp/8f708f81d3de476b8c525888bbe5fd0e/view	NOT-ON-PAGE	html
usarmy.apg.cecom.mbx.apbi-registration@army.mil	Army CSO	https://sam.gov/opp/95d2e3cb4c00483cbf4b9ab3a01a0363/view	NOT-ON-PAGE	html
sydney.m.horn.civ@army.mil	Army RCCTO	https://sam.gov/opp/96acef0e214e4a0fa47d15afc3ea7feb/view	NOT-ON-PAGE	html
kiel.anderson@us.af.mil	USAF (AFLCMC)	https://sam.gov/opp/96ec415d84d393125ee08883ec527d18/view	NOT-ON-PAGE	html
michael.korona.1@us.af.mil	USAF (AFLCMC)	https://sam.gov/opp/96ec415d84d393125ee08883ec527d18/view	NOT-ON-PAGE	html
sharon.m.pritchard.civ@us.navy.mil	NIWC Pacific (Naval Information Warfare Center Pacific)	https://sam.gov/opp/9b41ad1bb80c4c0185f42811866b291b/view	NOT-ON-PAGE	html
aaron.m.ritter.civ@army.mil	Army xTech / xTechSearch	https://sam.gov/opp/9b5538e4ce79425cb339989afd47723f/view	NOT-ON-PAGE	html
john.c.paitson.civ@army.mil	Army xTech / xTechSearch	https://sam.gov/opp/9b5538e4ce79425cb339989afd47723f/view	NOT-ON-PAGE	html
jamail.walker.1@us.af.mil	USAF (AFLCMC)	https://sam.gov/opp/9d6325721f1346eea08ba229319f11ec/view	NOT-ON-PAGE	html
kyle.hamby.1@us.af.mil	USAF (AFLCMC)	https://sam.gov/opp/9d6325721f1346eea08ba229319f11ec/view	NOT-ON-PAGE	html
TechBridge@IN3Indiana.com	Navy SBIR/STTR	https://sam.gov/opp/a54892a040e14f558f0aec00b324e6fa/view	NOT-ON-PAGE	html
alexander.holtet@navy.mil	Naval Information Warfare Systems Command (NAVWAR)	https://sam.gov/opp/a606b587755240e1a0b4f7d1e8d557bc/view	NOT-ON-PAGE	html
christopher.j.murr.civ@us.navy.mil	Naval Information Warfare Systems Command (NAVWAR)	https://sam.gov/opp/a606b587755240e1a0b4f7d1e8d557bc/view	NOT-ON-PAGE	html
christie.r.orlando.civ@socom.mil	USSOCOM SOF AT&L	https://sam.gov/opp/a7164128dccb4bd99970f81c3677ab4e/view	NOT-ON-PAGE	html
joshua.t.myers.civ@socom.mil	USSOCOM SOF AT&L	https://sam.gov/opp/a7164128dccb4bd99970f81c3677ab4e/view	NOT-ON-PAGE	html
maya.r.beckemeyer.civ@mail.mil	DoW Chief Digital and Artificial Intelligence Office (CDAO)	https://sam.gov/opp/a75cd9f5167f445ba326bee7460d2ffb/view	NOT-ON-PAGE	html
megan.c.toennies.civ@mail.mil	DoW Chief Digital and Artificial Intelligence Office (CDAO)	https://sam.gov/opp/a75cd9f5167f445ba326bee7460d2ffb/view	NOT-ON-PAGE	html
marissa.c.papet.civ@us.navy.mil	US Navy (NAVWAR / PEO C4I)	https://sam.gov/opp/a8c92dcb8c92440dba9878cfd9d58638/view	NOT-ON-PAGE	html
rema.khalife@navy.mil	US Navy (NAVWAR / PEO C4I)	https://sam.gov/opp/a8c92dcb8c92440dba9878cfd9d58638/view	NOT-ON-PAGE	html
sarah.m.murr.civ@us.navy.mil	US Navy (NAVWAR / PEO C4I)	https://sam.gov/opp/a8c92dcb8c92440dba9878cfd9d58638/view	NOT-ON-PAGE	html
lynn.tran@us.af.mil	USAF (AFLCMC)	https://sam.gov/opp/abcbe20f1c0a4efd8bbdf33632aaf24e/view	NOT-ON-PAGE	html
paul.baker.20@us.af.mil	USAF (AFLCMC)	https://sam.gov/opp/abcbe20f1c0a4efd8bbdf33632aaf24e/view	NOT-ON-PAGE	html
paul.a.kemp5.civ@mail.mil	Army RCCTO	https://sam.gov/opp/ac065fbfd2d3451acd4aa963b270fc5e/view	NOT-ON-PAGE	html
SSC.BC.IndustryDays@spaceforce.mil	USSF (SSC)	https://sam.gov/opp/ac6a630b7a9c46cda07dc0a94cdaddb6/view	NOT-ON-PAGE	html
rosa.krauss.3@us.af.mil	USAF (AFLCMC)	https://sam.gov/opp/b208e33b8dcd49088d751842a5f462aa/view	NOT-ON-PAGE	html
rodolfo.estrada6.civ@army.mil	US Army	https://sam.gov/opp/c875ea7beced47f5b3a326b842fb80b4/view	NOT-ON-PAGE	html
jermain.m.compton.civ@army.mil	US Army	https://sam.gov/opp/c875ea7beced47f5b3a326b842fb80b4/view	NOT-ON-PAGE	html
george.severson.1@us.af.mil	USAF (AFLCMC)	https://sam.gov/opp/caa40e9277d44c8dab526062d22188dd/view	NOT-ON-PAGE	html
john.diekel.1@us.af.mil	USAF (AFLCMC)	https://sam.gov/opp/caa40e9277d44c8dab526062d22188dd/view	NOT-ON-PAGE	html
christina.fernandez@us.af.mil	USAF (AFLCMC)	https://sam.gov/opp/cae5b264ac6d4080a1c66cef863262b5/view	NOT-ON-PAGE	html
ebonie.charles@us.af.mil	USAF (AFLCMC)	https://sam.gov/opp/cae5b264ac6d4080a1c66cef863262b5/view	NOT-ON-PAGE	html
BRIAN.SISCO@SOCOM.MIL	USSOCOM SOF AT&L Futures	https://sam.gov/opp/cc6ebef812d0459ca438a44ff7221ab8/view	NOT-ON-PAGE	html
RONALD.REED1@SOCOM.MIL	USSOCOM SOF AT&L Futures	https://sam.gov/opp/cc6ebef812d0459ca438a44ff7221ab8/view	NOT-ON-PAGE	html
AFLCMC.AFLCMC.DataOpsCSO@us.af.mil	USAF (AFLCMC)	https://sam.gov/opp/cd3454b5b1b7472f902a5eb2d6471cfa/view	NOT-ON-PAGE	html
Sharon.R.Morrow.civ@mail.mil	Army SBIR/STTR	https://sam.gov/opp/cefc93e57385c87538e5047ffca18700/view	NOT-ON-PAGE	html
brian.j.schou.civ@army.mil	DoW Chief Digital and Artificial Intelligence Office (CDAO)	https://sam.gov/opp/d1e4966813b04ae1b56f5987d1f239c5/view	NOT-ON-PAGE	html
brooke.l.cabor.civ@army.mil	DoW Chief Digital and Artificial Intelligence Office (CDAO)	https://sam.gov/opp/d1e4966813b04ae1b56f5987d1f239c5/view	NOT-ON-PAGE	html
joshua.e.flinn.civ@army.mil	Army RCCTO	https://sam.gov/opp/d20744b9640d4c4aad159952750ae53e/view	NOT-ON-PAGE	html
abigail.e.chatelain.civ@army.mil	Army RCCTO	https://sam.gov/opp/d20744b9640d4c4aad159952750ae53e/view	NOT-ON-PAGE	html
lisa.rosenbaum@navy.mil	NIWC Atlantic / Palmetto Tech Bridge	https://sam.gov/opp/d85320522d6a4e95ba2219eb5a288afd/view	NOT-ON-PAGE	html
anthony.bagnani@navy.mil	Naval Information Warfare	https://sam.gov/opp/dee281a5c09245a4a444c05efdb9e0d1/view	NOT-ON-PAGE	html
usarmy.rtp.ccdc-arl.mbx.aro-software-factory@mail.mil	Army Software Factory (ASF)	https://sam.gov/opp/df67109769034ed5a48c1192dd5b4da6/view	NOT-ON-PAGE	html
jennifer.cashwell.2@us.af.mil	USAF (AFLCMC)	https://sam.gov/opp/e11616ffa441485a9175ccb1d069073d/view	NOT-ON-PAGE	html
michelle.landry@us.af.mil	USAF (AFLCMC)	https://sam.gov/opp/e11616ffa441485a9175ccb1d069073d/view	NOT-ON-PAGE	html
AFLCMC.HNCKP.PlatformOneCTR@us.af.mil	USAF (AFLCMC)	https://sam.gov/opp/e2b751b1e9d9463b98fca430558e6331/view	NOT-ON-PAGE	html
AFLCMC.HNCX.Platform1MSR@us.af.mil	USAF (AFLCMC)	https://sam.gov/opp/e2b751b1e9d9463b98fca430558e6331/view	NOT-ON-PAGE	html
jason.e.caulkins.civ@army.mil	DoD (CDAO)	https://sam.gov/opp/e32579a9682b46f0841b760b6c055aff/view	NOT-ON-PAGE	html
kimberly.conley.3@us.af.mil	USAF (AFLCMC)	https://sam.gov/opp/e34132ff1ddb45908ff0de75ce643675/view	NOT-ON-PAGE	html
adam.m.geneva.civ@army.mil	DoW Chief Digital and Artificial Intelligence Office (CDAO)	https://sam.gov/opp/e6ef66cd0c7643ed9e80d431fcb3da3a/view	NOT-ON-PAGE	html
kara.s.cosgrove.civ@army.mil	DoW Chief Digital and Artificial Intelligence Office (CDAO)	https://sam.gov/opp/e6ef66cd0c7643ed9e80d431fcb3da3a/view	NOT-ON-PAGE	html
usarmy.apg.atec.mbx.g3-5-test-ops-division@army.mil	Army T2 / test & evaluation	https://sam.gov/opp/e9e33ceb81d14a36ad7bf502cbb88f91/view	NOT-ON-PAGE	html
usarmy.apg.atec.mbx.atec-hq-dci-t2@army.mil	Army T2 / test & evaluation	https://sam.gov/opp/e9e33ceb81d14a36ad7bf502cbb88f91/view	NOT-ON-PAGE	html
kinsey.crim@sofwerx.org	SOFWERX (USSOCOM)	https://sam.gov/opp/f0ff6111675c9af5b73fbd24a705ca6c/view	NOT-ON-PAGE	html
gary.salava@socom.mil	USSOCOM	https://sam.gov/opp/f116e7d6fd9f4fefb14a1bd22e4f2d03/view	NOT-ON-PAGE	html
kristen.hoylman.mil@socom.mil	USSOCOM	https://sam.gov/opp/f116e7d6fd9f4fefb14a1bd22e4f2d03/view	NOT-ON-PAGE	html
CARLOS.J.DURAN@NAVY.MIL	NavalX / Capital Tech Bridge	https://sam.gov/opp/f4f99e18862c443eac83159119807522/view	NOT-ON-PAGE	html
krista.michalis@navy.mil	NavalX / Capital Tech Bridge	https://sam.gov/opp/f4f99e18862c443eac83159119807522/view	NOT-ON-PAGE	html
seneca.alvarado@us.af.mil	USSF (SSC)	https://sam.gov/opp/f66868ba1bf8028ca72e4d41c0c893eb/view	NOT-ON-PAGE	html
stephanie.rosenthal@us.af.mil	USSF (SSC)	https://sam.gov/opp/f66868ba1bf8028ca72e4d41c0c893eb/view	NOT-ON-PAGE	html
kevin.rivera_rosado.2@us.af.mil	USAF (AFLCMC)	https://sam.gov/opp/faf8b98e63f74df1bafa5e5db87d11f7/view	NOT-ON-PAGE	html
krystal.lamarca@us.af.mil	USAF (AFLCMC)	https://sam.gov/opp/faf8b98e63f74df1bafa5e5db87d11f7/view	NOT-ON-PAGE	html
SupplierEthics@scale.com	Scale AI	https://scale.com/legal/codeofconduct	CONFIRMED	html
info@secondfront.com	Second Front Systems	https://secondfront.com/contact	NOT-ON-PAGE	html
security@secondfront.com	Second Front Systems	https://secondfront.com/contact	NOT-ON-PAGE	html
help@sewp.nasa.gov	NASA (SEWP governmentwide vehicle)	https://sewp.nasa.gov	CONFIRMED	html
industryhelp@sewp.nasa.gov	NASA (SEWP governmentwide vehicle)	https://sewp.nasa.gov	CONFIRMED	html
chhelp@sewp.nasa.gov	NASA (SEWP governmentwide vehicle)	https://sewp.nasa.gov	CONFIRMED	html
itsupport@sewp.nasa.gov	NASA (SEWP governmentwide vehicle)	https://sewp.nasa.gov	CONFIRMED	html
AFSC.SW.SoftwareEcosystem@us.af.mil	USAF (AFLCMC)	https://software.af.mil/	CONFIRMED	html
platformone@afwerxpartner.com	USAF (AFLCMC)	https://software.af.mil/	CONFIRMED	html
spacecamp@afrl.af.mil	USAF (AFRL)	https://software.af.mil/	CONFIRMED	html
16ws.wxp.engagementteam@us.af.mil	USAF (577 WW)	https://software.af.mil/	CONFIRMED	html
AFLCMC.GBQ.WP-MACH-5@us.af.mil	USAF (AFLCMC)	https://software.af.mil/	CONFIRMED	html
aflcmc.ecsf.feedback@us.af.mil	USAF (AFLCMC)	https://software.af.mil/	CONFIRMED	html
jeremiah.siefert@us.af.mil	USAF (AFLCMC)	https://software.af.mil/	CONFIRMED	html
afsc.swa.strategicagility@us.af.mil	USAF (AFSC/SW)	https://software.af.mil/	CONFIRMED	html
small.business@gulfstream.com	General Dynamics (Aerospace / Gulfstream)	https://suppliers.gendyn.com/Contact/Liaisons.aspx	NOT-ON-PAGE	html
marini.jackson@gulfstream.com	General Dynamics (Gulfstream Aerospace)	https://suppliers.gendyn.com/Contact/Liaisons.aspx	NOT-ON-PAGE	html
biwsblo@gdbiw.com	General Dynamics Bath Iron Works	https://suppliers.gendyn.com/Contact/Liaisons.aspx	NOT-ON-PAGE	html
sblo@gdeb.com	General Dynamics Electric Boat (Marine Group)	https://suppliers.gendyn.com/Contact/Liaisons.aspx	NOT-ON-PAGE	html
smallbusiness@gdit.com	General Dynamics Information Technology (GDIT)	https://suppliers.gendyn.com/Contact/Liaisons.aspx	NOT-ON-PAGE	html
SB@gdls.com	General Dynamics Land Systems (Combat Systems)	https://suppliers.gendyn.com/Contact/Liaisons.aspx	NOT-ON-PAGE	html
smallbusiness@gd-ms.com	General Dynamics Mission Systems	https://suppliers.gendyn.com/Contact/Liaisons.aspx	NOT-ON-PAGE	html
sblo@nassco.com	General Dynamics NASSCO	https://suppliers.gendyn.com/Contact/Liaisons.aspx	NOT-ON-PAGE	html
WVT-SmallBusiness@gd-ots.com	General Dynamics Ordnance & Tactical Systems (Williston, VT)	https://suppliers.gendyn.com/Contact/Liaisons.aspx	NOT-ON-PAGE	html
SBLOAnniston@gd-ots.com	General Dynamics OTS (Anniston, AL)	https://suppliers.gendyn.com/Contact/Liaisons.aspx	NOT-ON-PAGE	html
GAR-SmallBusiness@gd-ots.com	General Dynamics OTS (Garland, TX)	https://suppliers.gendyn.com/Contact/Liaisons.aspx	NOT-ON-PAGE	html
SBLO@ver.gd-ots.com	General Dynamics OTS (Healdsburg, CA)	https://suppliers.gendyn.com/Contact/Liaisons.aspx	NOT-ON-PAGE	html
LNE-SmallBusiness@gd-ots.com	General Dynamics OTS (Lincoln, NE)	https://suppliers.gendyn.com/Contact/Liaisons.aspx	NOT-ON-PAGE	html
MAR-SmallBusiness@gd-ots.com	General Dynamics OTS (Marion, IL)	https://suppliers.gendyn.com/Contact/Liaisons.aspx	NOT-ON-PAGE	html
sblo@gd-ots.com	General Dynamics OTS (Niceville, FL)	https://suppliers.gendyn.com/Contact/Liaisons.aspx	NOT-ON-PAGE	html
RDL-SmallBusiness@gd-ots.com	General Dynamics OTS (Red Lion, PA)	https://suppliers.gendyn.com/Contact/Liaisons.aspx	NOT-ON-PAGE	html
SDC-SmallBusiness@gd-ots.com	General Dynamics OTS (San Diego, CA)	https://suppliers.gendyn.com/Contact/Liaisons.aspx	NOT-ON-PAGE	html
small.business@gd-ots.com	General Dynamics OTS (Seattle, WA)	https://suppliers.gendyn.com/Contact/Liaisons.aspx	NOT-ON-PAGE	html
STM-SmallBusiness@gd-ots.com	General Dynamics OTS (St. Marks Powder, FL)	https://suppliers.gendyn.com/Contact/Liaisons.aspx	NOT-ON-PAGE	html
STP-SmallBusiness@gd-ots.com	General Dynamics OTS (St. Petersburg, FL)	https://suppliers.gendyn.com/Contact/Liaisons.aspx	NOT-ON-PAGE	html
WBP-SmallBusiness@gd-ots.com	General Dynamics OTS (Wilkes Barre, PA)	https://suppliers.gendyn.com/Contact/Liaisons.aspx	NOT-ON-PAGE	html
JOP-SmallBusiness@gd-ots.com	General Dynamics OTS Munitions Services (Joplin, MO)	https://suppliers.gendyn.com/Contact/Liaisons.aspx	NOT-ON-PAGE	html
info@teamraft.com	Raft (teamraft.com)	https://teamraft.com/contact/	NOT-ON-PAGE	html
CSRM@textronsystems.com	Textron Systems	https://textronsystems.com/services-support/suppliers/supplier-cybersecurity	CONFIRMED	html
TS_Supplier_Management@textronsystems.com	Textron Systems	https://textronsystems.com/services-support/suppliers/supplier-cybersecurity	CONFIRMED	html
dryles@uada.edu	Arkansas APEX Accelerator	https://uaex.uada.edu/business-communities/Arkansas-APEX-Accelerator/staff.aspx	CONFIRMED	html
kgriffin@uada.edu	Arkansas APEX Accelerator	https://uaex.uada.edu/business-communities/Arkansas-APEX-Accelerator/staff.aspx	CONFIRMED	html
kmagee@uada.edu	Arkansas APEX Accelerator	https://uaex.uada.edu/business-communities/Arkansas-APEX-Accelerator/staff.aspx	CONFIRMED	html
krandle@uada.edu	Arkansas APEX Accelerator	https://uaex.uada.edu/business-communities/Arkansas-APEX-Accelerator/staff.aspx	CONFIRMED	html
msberman@uada.edu	Arkansas APEX Accelerator	https://uaex.uada.edu/business-communities/Arkansas-APEX-Accelerator/staff.aspx	CONFIRMED	html
rrdavis@uada.edu	Arkansas APEX Accelerator	https://uaex.uada.edu/business-communities/Arkansas-APEX-Accelerator/staff.aspx	CONFIRMED	html
thicks@uada.edu	Arkansas APEX Accelerator	https://uaex.uada.edu/business-communities/Arkansas-APEX-Accelerator/staff.aspx	CONFIRMED	html
thunter@uada.edu	Arkansas APEX Accelerator	https://uaex.uada.edu/business-communities/Arkansas-APEX-Accelerator/staff.aspx	CONFIRMED	html
press@vannevarlabs.com	Vannevar Labs	https://vannevarlabs.com/media-coverage/	CONFIRMED	html
programmanager@washingtonapex.org	Washington APEX Accelerator	https://washingtonapex.org/about-apex/	CONFIRMED	html
king@washingtonapex.org	Washington APEX Accelerator	https://washingtonapex.org/about-apex/staff/	CONFIRMED	html
kitsap@washingtonapex.org	Washington APEX Accelerator	https://washingtonapex.org/about-apex/staff/	CONFIRMED	html
pierce@washingtonapex.org	Washington APEX Accelerator	https://washingtonapex.org/about-apex/staff/	CONFIRMED	html
snohomish@washingtonapex.org	Washington APEX Accelerator	https://washingtonapex.org/about-apex/staff/	CONFIRMED	html
spokane@washingtonapex.org	Washington APEX Accelerator	https://washingtonapex.org/about-apex/staff/	CONFIRMED	html
swwa@washingtonapex.org	Washington APEX Accelerator	https://washingtonapex.org/about-apex/staff/	CONFIRMED	html
thurston@washingtonapex.org	Washington APEX Accelerator	https://washingtonapex.org/about-apex/staff/	CONFIRMED	html
tricity@washingtonapex.org	Washington APEX Accelerator	https://washingtonapex.org/about-apex/staff/	CONFIRMED	html
lynn.garrett@us.af.mil	Air Force Sustainment Center > Units	https://www.afsc.af.mil/Units/SBO/	CONFIRMED	html
lisa.stoker@us.af.mil	Air Force Sustainment Center > Units	https://www.afsc.af.mil/Units/SBO/	CONFIRMED	html
tracey.beringer@us.af.mil	Air Force Sustainment Center > Units	https://www.afsc.af.mil/Units/SBO/	CONFIRMED	html
elizabeth.shackelford.1@us.af.mil	Air Force Sustainment Center > Units	https://www.afsc.af.mil/Units/SBO/	CONFIRMED	html
crystal.reid.2@us.af.mil	Air Force Sustainment Center > Units	https://www.afsc.af.mil/Units/SBO/	CONFIRMED	html
lily.wilkerson@us.af.mil	Air Force Sustainment Center > Units	https://www.afsc.af.mil/Units/SBO/	CONFIRMED	html
logan.kashanipour@us.af.mil	Air Force Sustainment Center > Units	https://www.afsc.af.mil/Units/SBO/	CONFIRMED	html
randy.miller.22@us.af.mil	Air Force Sustainment Center > Units	https://www.afsc.af.mil/Units/SBO/	CONFIRMED	html
joseph.herrera.7@us.af.mil	Air Force Sustainment Center > Units	https://www.afsc.af.mil/Units/SBO/	CONFIRMED	html
emma.taylor.7@us.af.mil	Air Force Sustainment Center > Units	https://www.afsc.af.mil/Units/SBO/	CONFIRMED	html
429SCMS.SASPO.Workflow@us.af.mil	Air Force Sustainment Center > Units	https://www.afsc.af.mil/Units/SBO/	CONFIRMED	html
afsc.sb.workflow@us.af.mil	Air Force Sustainment Center > Units	https://www.afsc.af.mil/Units/SBO/	CONFIRMED	html
afsc.ol.sb@us.af.mil	Air Force Sustainment Center > Units	https://www.afsc.af.mil/Units/SBO/	CONFIRMED	html
wralc.bc.frontoffice@us.af.mil	Air Force Sustainment Center > Units	https://www.afsc.af.mil/Units/SBO/	CONFIRMED	html
DAFSmallBusinessInquiries@outlook.com	Department of the Air Force	https://www.airforcesmallbiz.af.mil/Resources/Contact-Us/	CONFIRMED	html
mallory.m.admire.civ@mail.mil	Space Development Agency (SDA)	https://www.airforcesmallbiz.af.mil/USSF-Small-Business/	CONFIRMED	html
SpaceRCO.Innovations@spaceforce.mil	Space Rapid Capabilities Office (Space RCO)	https://www.airforcesmallbiz.af.mil/USSF-Small-Business/	CONFIRMED	html
gregory.passig.3@spaceforce.mil	U.S. Space Force - Combat Forces Command (CFC)	https://www.airforcesmallbiz.af.mil/USSF-Small-Business/	CONFIRMED	html
smallbus@spaceforce.mil	U.S. Space Force - Space Systems Command (SSC)	https://www.airforcesmallbiz.af.mil/USSF-Small-Business/	CONFIRMED	html
HQ.STARCOM.SmallBusiness@spaceforce.mil	U.S. Space Force - Space Training and Readiness Command (STARCOM)	https://www.airforcesmallbiz.af.mil/USSF-Small-Business/	CONFIRMED	html
info@altana.ai	Altana AI	https://www.altana.ai/contact	CONFIRMED	html
contact@anduril.com	Anduril Industries	https://www.anduril.com/lattice/lattice-partner-program	CONFIRMED	html
sblo@ara.com	Applied Research Associates (ARA)	https://www.ara.com/vendor-information/	CONFIRMED	html
supplier.compliance@ara.com	Applied Research Associates (ARA)	https://www.ara.com/vendor-information/	CONFIRMED	html
contact@arcfield.com	Arcfield	https://www.arcfield.com/contact-us	CONFIRMED	html
ACCDTAIndustry@army.mil	U.S. Army Contracting Command (ACC)	https://www.army.mil/acc/	CONFIRMED	html
usarmy.RIA.asc.list.sb@army.mil	U.S. Army Contracting Command (ACC)	https://www.army.mil/acc/	CONFIRMED	html
usarmy.redstone.acc.mbx.acc-rsa-contact-us@army.mil	U.S. Army Contracting Command (ACC)	https://www.army.mil/acc/	CONFIRMED	html
MatchSynergyHelpdesk@cybersynergy.net	Office of Small Business Programs	https://www.army.mil/osbp	CONFIRMED	html
Zulekha.A.Abu.ctr@Army.mil	U.S. Army	https://www.army.mil/osbp	CONFIRMED	html
usarmy.redstone.usamc.mbx.small-business@army.mil	U.S. Army	https://www.army.mil/osbp	CONFIRMED	html
Small-Business-HQ@usace.army.mil	U.S. Army	https://www.army.mil/osbp	CONFIRMED	html
usarmy.jbsa.medcom.mesg.medcom-sbpo@army.mil	U.S. Army	https://www.army.mil/osbp	CONFIRMED	html
ng.ncr.ngb-arng.mbx.ngb-osbp@army.mil	U.S. Army	https://www.army.mil/osbp	CONFIRMED	html
Army.IP.Cell@army.mil	U.S. Army	https://www.army.mil/osbp	CONFIRMED	html
AEDC.webcomments@us.af.mil	About Us	https://www.arnold.af.mil/About-Us/Small-Business-Office/	CONFIRMED	html
connect@battelle.org	Battelle	https://www.battelle.org/contact	CONFIRMED	html
IPM-Licensing@boeing.com	Boeing	https://www.boeing.com/licensing	CONFIRMED	html
IPM@boeing.com	Boeing	https://www.boeing.com/licensing	CONFIRMED	html
ipmcpl@boeing.com	Boeing	https://www.boeing.com/licensing	CONFIRMED	html
doingbusinesswithboeing@boeing.com	Boeing Company (BDS)	https://www.boeingsuppliers.com/contactus	CONFIRMED	html
contracts@carahsoft.com	Carahsoft	https://www.carahsoft.com/become-a-partner	CONFIRMED	html
sales@carahsoft.com	Carahsoft	https://www.carahsoft.com/become-a-partner	CONFIRMED	html
contact@cisa.dhs.gov	CISA	https://www.cisa.gov/about/contact-us	CONFIRMED	html
central@cisa.dhs.gov	CISA	https://www.cisa.gov/about/contact-us	CONFIRMED	html
CISAMedia@cisa.dhs.gov	CISA	https://www.cisa.gov/about/contact-us	CONFIRMED	html
darpaconnect@darpa.mil	Defense Advanced Research Projects Agency	https://www.darpa.mil/about/darpaconnect	CONFIRMED	html
dcma.lee.hq.mbx.small-business-center-support@mail.mil	Defense Contract Management Agency (DCMA)	https://www.dcma.mil/smallbusiness/	CONFIRMED	html
jwalcott@deloitte.com	Deloitte	https://www.deloitte.com/us/en/Industries/government-public.html	CONFIRMED	html
uswebmaster@deloitte.com	Deloitte	https://www.deloitte.com/us/en/alliances.html	CONFIRMED	html
ljenkins@aarete.com	AArete	https://www.dhs.gov/osdbu/prime-contractors	CONFIRMED	html
mloveless@absconsulting.com	ABS Group Consulting	https://www.dhs.gov/osdbu/prime-contractors	CONFIRMED	html
rhaile@absconsulting.com	ABS Group Consulting	https://www.dhs.gov/osdbu/prime-contractors	CONFIRMED	html
irene.c.rivera@accenturefederal.com	Accenture Federal Services	https://www.dhs.gov/osdbu/prime-contractors	CONFIRMED	html
susan.thibodeaux@acuityinternational.com	Acuity International	https://www.dhs.gov/osdbu/prime-contractors	CONFIRMED	html
shawn.ralston@aecom.com	AECOM	https://www.dhs.gov/osdbu/prime-contractors	CONFIRMED	html
heidi.anderson@akima.com	Akima Global Services	https://www.dhs.gov/osdbu/prime-contractors	CONFIRMED	html
sblo@amentum.com	Amentum	https://www.dhs.gov/osdbu/prime-contractors	CONFIRMED	html
ellen.mack@aptim.com	APTIM	https://www.dhs.gov/osdbu/prime-contractors	CONFIRMED	html
Dawn.Dunlop@baesystems.com	BAE Systems Intelligence & Security	https://www.dhs.gov/osdbu/prime-contractors	CONFIRMED	html
pircio@battelle.org	Battelle (Battelle National Biodefense Institute)	https://www.dhs.gov/osdbu/prime-contractors	CONFIRMED	html
wartel@battelle.org	Battelle (Battelle National Biodefense Institute)	https://www.dhs.gov/osdbu/prime-contractors	CONFIRMED	html
mark.rushworth@bi.com	BI Incorporated	https://www.dhs.gov/osdbu/prime-contractors	CONFIRMED	html
tina.t.wang@boeing.com	Boeing Company (BDS)	https://www.dhs.gov/osdbu/prime-contractors	CONFIRMED	html
markm@bollingershipyards.com	Bollinger Shipyards	https://www.dhs.gov/osdbu/prime-contractors	CONFIRMED	html
smallbusinesscompliance@bah.com	Booz Allen Hamilton	https://www.dhs.gov/osdbu/prime-contractors	CONFIRMED	html
burton_ashley@bah.com	Booz Allen Hamilton	https://www.dhs.gov/osdbu/prime-contractors	CONFIRMED	html
cruz_yuri@bah.com	Booz Allen Hamilton	https://www.dhs.gov/osdbu/prime-contractors	CONFIRMED	html
smith_tarris@bah.com	Booz Allen Hamilton	https://www.dhs.gov/osdbu/prime-contractors	CONFIRMED	html
wayne.pizer@caci.com	CACI International	https://www.dhs.gov/osdbu/prime-contractors	CONFIRMED	html
vigila@cdmsmith.com	CDM SMITH	https://www.dhs.gov/osdbu/prime-contractors	CONFIRMED	html
tyler.brooks-craft@cgifederal.com	CGI Federal	https://www.dhs.gov/osdbu/prime-contractors	CONFIRMED	html
nannette.woods@jacobs.com	CH2M Hill	https://www.dhs.gov/osdbu/prime-contractors	CONFIRMED	html
novelette.josephs@clarkconstruction.com	Clark Construction	https://www.dhs.gov/osdbu/prime-contractors	CONFIRMED	html
wesley.stith@clarkconstruction.com	Clark Construction	https://www.dhs.gov/osdbu/prime-contractors	CONFIRMED	html
elwood.shannon@cleanharbors.com	CleanHarbors	https://www.dhs.gov/osdbu/prime-contractors	CONFIRMED	html
kyle.reid@safety-kleen.com	CleanHarbors	https://www.dhs.gov/osdbu/prime-contractors	CONFIRMED	html
neal@lipseywater.com	Composite Analysis Group	https://www.dhs.gov/osdbu/prime-contractors	CONFIRMED	html
dawn.mason@corecivic.com	CoreCivic	https://www.dhs.gov/osdbu/prime-contractors	CONFIRMED	html
chris.mueller@covenantsecurity.com	Covenant Aviation Security, LLC	https://www.dhs.gov/osdbu/prime-contractors	CONFIRMED	html
trthompson@deloitte.com	Deloitte Services LP (Deloitte Federal)	https://www.dhs.gov/osdbu/prime-contractors	CONFIRMED	html
lriely@deployedresources.com	Deployed Resources	https://www.dhs.gov/osdbu/prime-contractors	CONFIRMED	html
dedwards@dewberry.com	Dewberry	https://www.dhs.gov/osdbu/prime-contractors	CONFIRMED	html
thuber@ecc.net	Environmental Chemical Corporation (ECC)	https://www.dhs.gov/osdbu/prime-contractors	CONFIRMED	html
celia.marino@ey.com	Ernst & Young LLP	https://www.dhs.gov/osdbu/prime-contractors	CONFIRMED	html
chandler.moore@ey.com	Ernst & Young LLP	https://www.dhs.gov/osdbu/prime-contractors	CONFIRMED	html
sstevens@fjcsecurity.com	FJC Security Services, Inc.	https://www.dhs.gov/osdbu/prime-contractors	CONFIRMED	html
kenyon.taylor@fluor.com	Fluor Government Group	https://www.dhs.gov/osdbu/prime-contractors	CONFIRMED	html
sunni.richmond@aus.com	G4S Secure Solutions (USA) Inc.	https://www.dhs.gov/osdbu/prime-contractors	CONFIRMED	html
beth.reina@ge.com	GE Power	https://www.dhs.gov/osdbu/prime-contractors	CONFIRMED	html
anthony.vigo@ga-asi.com	General Atomics Aeronautical Systems, Inc.	https://www.dhs.gov/osdbu/prime-contractors	CONFIRMED	html
robyn.card@gdit.com	General Dynamics Information Technology (GDIT)	https://www.dhs.gov/osdbu/prime-contractors	CONFIRMED	html
ystevens@gilbaneco.com	Gilbane Building Company	https://www.dhs.gov/osdbu/prime-contractors	CONFIRMED	html
kristen.lillard@us.gt.com	Grant Thornton, LLP	https://www.dhs.gov/osdbu/prime-contractors	CONFIRMED	html
michaelmelgar@grunley.com	Grunley Construction Company, Inc.	https://www.dhs.gov/osdbu/prime-contractors	CONFIRMED	html
toddallengifford@grunley.com	Grunley Construction Company, Inc.	https://www.dhs.gov/osdbu/prime-contractors	CONFIRMED	html
joan.branson@hii-ingalls.com	Huntington Ingalls Industries (Ingalls Shipbuilding)	https://www.dhs.gov/osdbu/prime-contractors	CONFIRMED	html
clairesse.jackson@hii-tsd.com	Huntington Ingalls Industries (Technical Solutions)	https://www.dhs.gov/osdbu/prime-contractors	CONFIRMED	html
ibmfederalsb1@ibm.com	IBM US Federal	https://www.dhs.gov/osdbu/prime-contractors	CONFIRMED	html
mark.youman@icf.com	ICF International	https://www.dhs.gov/osdbu/prime-contractors	CONFIRMED	html
liz.debiase@icf.com	ICF International	https://www.dhs.gov/osdbu/prime-contractors	CONFIRMED	html
stephanie.engel@insitu.com	Insitu	https://www.dhs.gov/osdbu/prime-contractors	CONFIRMED	html
lauren.terry@jacobs.com	Jacobs Engineering Group, Inc.	https://www.dhs.gov/osdbu/prime-contractors	CONFIRMED	html
lori.crump@jacobs.com	Jacobs Engineering Group, Inc.	https://www.dhs.gov/osdbu/prime-contractors	CONFIRMED	html
willie.franklin@jacobs.com	Jacobs Engineering Group, Inc.	https://www.dhs.gov/osdbu/prime-contractors	CONFIRMED	html
kpetroske@kpmg.com	KPMG	https://www.dhs.gov/osdbu/prime-contractors	CONFIRMED	html
tinanho@kpmg.com	KPMG	https://www.dhs.gov/osdbu/prime-contractors	CONFIRMED	html
paul.ray@l3harris.com	L3Harris Technologies	https://www.dhs.gov/osdbu/prime-contractors	CONFIRMED	html
rebecca.a.thompson@leidos.com	Leidos	https://www.dhs.gov/osdbu/prime-contractors	CONFIRMED	html
sbcomp@leidos.com	Leidos	https://www.dhs.gov/osdbu/prime-contractors	CONFIRMED	html
drcrafter@leoadaly.com	Leo A Daly	https://www.dhs.gov/osdbu/prime-contractors	CONFIRMED	html
cjanovec@loyalsource.com	Loyal Source	https://www.dhs.gov/osdbu/prime-contractors	CONFIRMED	html
richardsta@mvminc.com	M V M, Inc.	https://www.dhs.gov/osdbu/prime-contractors	CONFIRMED	html
lissa.dunn@mantech.com	ManTech International	https://www.dhs.gov/osdbu/prime-contractors	CONFIRMED	html
abeerbhatia@maximus.com	Maximus (Maximus Federal)	https://www.dhs.gov/osdbu/prime-contractors	CONFIRMED	html
kathy.athey@mcdean.com	McDean	https://www.dhs.gov/osdbu/prime-contractors	CONFIRMED	html
morgan.karimi@mbakerintl.com	Michael Baker Jr., Inc.	https://www.dhs.gov/osdbu/prime-contractors	CONFIRMED	html
dmontague@mitre.org	MITRE Corporation	https://www.dhs.gov/osdbu/prime-contractors	CONFIRMED	html
maria.maze@monstergovernmentsolutions.com	Monster Government Solutions LLC	https://www.dhs.gov/osdbu/prime-contractors	CONFIRMED	html
mike.hommer@mortenson.com	Mortenson	https://www.dhs.gov/osdbu/prime-contractors	CONFIRMED	html
edith.moralis@motorolasolutions.com	Motorola Solutions, Inc.	https://www.dhs.gov/osdbu/prime-contractors	CONFIRMED	html
s.graham@quadient.com	Neopost Inc.	https://www.dhs.gov/osdbu/prime-contractors	CONFIRMED	html
anna.crawley@noblis.org	Noblis	https://www.dhs.gov/osdbu/prime-contractors	CONFIRMED	html
gshiddapur@noresco.com	Noresco LLC	https://www.dhs.gov/osdbu/prime-contractors	CONFIRMED	html
carla.undurraga@ngc.com	Northrop Grumman (Information Technology)	https://www.dhs.gov/osdbu/prime-contractors	CONFIRMED	html
angela.hannah@nttdatafed.com	NTTData Federal	https://www.dhs.gov/osdbu/prime-contractors	CONFIRMED	html
lkaciban@parasys.com	Paragon Systems	https://www.dhs.gov/osdbu/prime-contractors	CONFIRMED	html
ronald.penick@peraton.com	Peraton	https://www.dhs.gov/osdbu/prime-contractors	CONFIRMED	html
marguerite.brooks@saic.com	SAIC	https://www.dhs.gov/osdbu/prime-contractors	CONFIRMED	html
debra.vanderhoof@salientcrgt.com	Salient	https://www.dhs.gov/osdbu/prime-contractors	CONFIRMED	html
wanda.montague@serco-na.com	Serco Inc. (Serco North America)	https://www.dhs.gov/osdbu/prime-contractors	CONFIRMED	html
racastro@geogroup.com	THE GEO GROUP	https://www.dhs.gov/osdbu/prime-contractors	CONFIRMED	html
teri.williams@haskell.com	The Haskell Company	https://www.dhs.gov/osdbu/prime-contractors	CONFIRMED	html
byone@rand.org	The Rand Company	https://www.dhs.gov/osdbu/prime-contractors	CONFIRMED	html
hsoac-operations@rand.org	The Rand Company	https://www.dhs.gov/osdbu/prime-contractors	CONFIRMED	html
chris.philippsen@constellis.com	Triple Canopy	https://www.dhs.gov/osdbu/prime-contractors	CONFIRMED	html
brandilynn.collins.garrison@verizon.com	Verizon	https://www.dhs.gov/osdbu/prime-contractors	CONFIRMED	html
emily.bien@verizon.com	Verizon	https://www.dhs.gov/osdbu/prime-contractors	CONFIRMED	html
joanna.harmon@whiting-turner.com	Whiting-Turner	https://www.dhs.gov/osdbu/prime-contractors	CONFIRMED	html
bernie.fanfan@wsp.com	WSP	https://www.dhs.gov/osdbu/prime-contractors	CONFIRMED	html
PIL@hq.dhs.gov	DHS	https://www.dhs.gov/pil-questions	CONFIRMED	html
SandT.Innovation@hq.dhs.gov	DHS S&T	https://www.dhs.gov/science-and-technology/office-public-private-partnerships	CONFIRMED	html
LRBAA.admin@hq.dhs.gov	DHS S&T	https://www.dhs.gov/science-and-technology/st-lrbaa	CONFIRMED	html
oipportalhelpdesk@hq.dhs.gov	DHS S&T	https://www.dhs.gov/science-and-technology/st-lrbaa	CONFIRMED	html
dhs-silicon-valley@hq.dhs.gov	DHS S&T	https://www.dhs.gov/science-and-technology/svip	CONFIRMED	html
media@diu.mil	Defense Innovation Unit (DIU)	https://www.diu.mil/contact	CONFIRMED	html
hr@diu.mil	Defense Innovation Unit (DIU)	https://www.diu.mil/contact	CONFIRMED	html
info@diu.mil	Defense Innovation Unit (DIU)	https://www.diu.mil/contact-DIU	CONFIRMED	html
responsibleai@diu.mil	Defense Innovation Unit (DIU)	https://www.diu.mil/contact-DIU	CONFIRMED	html
onramphub@diu.mil	Defense Innovation Unit (DIU)	https://www.diu.mil/work-with-us	CONFIRMED	html
blueuas@diu.mil	Defense Innovation Unit (DIU)	https://www.diu.mil/work-with-us	CONFIRMED	html
blueuasra@diu.mil	Defense Innovation Unit (DIU)	https://www.diu.mil/work-with-us	CONFIRMED	html
energy@diu.mil	Defense Innovation Unit (DIU)	https://www.diu.mil/work-with-us	CONFIRMED	html
Poly@diu.mil	Defense Innovation Unit (DIU)	https://www.diu.mil/work-with-us	CONFIRMED	html
prizechallenge@diu.mil	Defense Innovation Unit (DIU)	https://www.diu.mil/work-with-us	CONFIRMED	html
prizechallenges@diu.mil	Defense Innovation Unit (DIU)	https://www.diu.mil/work-with-us	CONFIRMED	html
jgipe@nsin.mil	National Security Innovation Network (NSIN)	https://www.diu.mil/work-with-us	CONFIRMED	html
media@nsin.mil	National Security Innovation Network (NSIN)	https://www.diu.mil/work-with-us	CONFIRMED	html
sourcing@diu.mil	Defense Innovation Unit (DIU)	https://www.diu.mil/work-with-us/open-solicitations	CONFIRMED	html
dlacontactcenter@dla.mil	Defense Logistics Agency (DLA)	https://www.dla.mil/Small-Business/Contact/	CONFIRMED	html
DLASBIR2@dla.mil	Defense Logistics Agency (DLA)	https://www.dla.mil/Small-Business/Contact/	CONFIRMED	html
strategictechnolgoyvendorrelations@dla.mil	Defense Logistics Agency (DLA)	https://www.dla.mil/Small-Business/Contact/	CONFIRMED	html
DLA_Academia-Research_Engagements@dla.mil	Defense Logistics Agency (DLA)	https://www.dla.mil/Small-Business/Contact/	CONFIRMED	html
accelerate@dla.mil	Defense Logistics Agency (DLA)	https://www.dla.mil/Small-Business/Contact/	CONFIRMED	html
RANDD.DCSO@dla.mil	Defense Logistics Agency (DLA)	https://www.dla.mil/Small-Business/Contact/	CONFIRMED	html
Logistics.Research@dla.mil	Defense Logistics Agency (DLA)	https://www.dla.mil/Small-Business/Contact/	CONFIRMED	html
AFLCMC.SB.EGLIN@us.af.mil	Small Business Office	https://www.eglin.af.mil/Units/Small-Business-Office/	CONFIRMED	html
suppliers@epirusinc.com	Epirus	https://www.epirusinc.com/supplier	CONFIRMED	html
cybersecurity@epirusinc.com	Epirus	https://www.epirusinc.com/supplier	CONFIRMED	html
kelsey.d.greenwell.civ@army.mil	Army CSO	https://www.fbodaily.com/archive/2026/04-April/19-Apr-2026/FBO-07782848.htm	CONFIRMED	html
elida.kellezi.civ@army.mil	Army CSO	https://www.fbodaily.com/archive/2026/04-April/19-Apr-2026/FBO-07782848.htm	CONFIRMED	html
GA-ASI-Small-Business@ga-asi.com	General Atomics Aeronautical Systems (GA-ASI)	https://www.ga-asi.com/suppliers/small-business-program	CONFIRMED	html
SB4GA@ga.com	General Atomics	https://www.ga.com/procurement/small-business-program	CONFIRMED	html
Oliver.Nutt@gdit.com	General Dynamics	https://www.gdit.com/about-gdit/press-releases/gdit-enhances-emerging-and-commercial-technology-programs/	CONFIRMED	html
sales@hadrian.co	Hadrian	https://www.hadrian.co/contact	CONFIRMED	html
Andrea.Panagoulias@us.af.mil	Small Business Office	https://www.hanscom.af.mil/About-Us/Small-Business-Office/	CONFIRMED	html
Amy.macdonough@us.af.mil	Small Business Office	https://www.hanscom.af.mil/About-Us/Small-Business-Office/	CONFIRMED	html
icfsupplierhub@icf.com	ICF International	https://www.icf.com/company/about/partners/suppliers	CONFIRMED	html
partneralliance@ironbow.com	Iron Bow	https://www.ironbow.com/partners	CONFIRMED	html
Christina.Hoggatt@L3Harris.com	L3Harris	https://www.l3harris.com/newsroom	CONFIRMED	html
Sharon.Parsley@L3Harris.com	L3Harris	https://www.l3harris.com/newsroom	CONFIRMED	html
Eileen.Lainez@L3Harris.com	L3Harris	https://www.l3harris.com/newsroom	CONFIRMED	html
elizabeth.naylor@au.leidos.com	Leidos	https://www.leidos.com/company/global/australia/partner-network	NOT-ON-PAGE	html
SupplierRequest@drs.com	Leonardo DRS	https://www.leonardodrs.com/wp-content/uploads/2024/04/Leonardo-DRS-Supplier-Requests-Portal-Supplier-Guide-Revision-C.pdf	CONFIRMED	pdf
bruce.perrow@drs.com	Leonardo DRS	https://www.leonardodrs.com/wp-content/uploads/2024/04/Leonardo-DRS-Supplier-Requests-Portal-Supplier-Guide-Revision-C.pdf	CONFIRMED	pdf
supplier.communications@lmco.com	Lockheed Martin Corporation	https://www.lockheedmartin.com/en-us/suppliers/small-business-programs/Programs.html	CONFIRMED	html
susannah.l.raheb@lmco.com	Lockheed Martin Corporation	https://www.lockheedmartin.com/en-us/suppliers/small-business-programs/Programs.html	CONFIRMED	html
zachary.t.ladonis@lmco.com	Lockheed Martin	https://www.lockheedmartin.com/en-us/who-we-are/lockheed-martin-ventures/contact-lockheed-martin-ventures.html	CONFIRMED	html
Charlie.Caldwell@MANTECH.com	ManTech	https://www.mantech.com/contact	CONFIRMED	html
Commercial.Services@mantech.com	ManTech	https://www.mantech.com/contact-us	CONFIRMED	html
SBLO@MANTECH.com	ManTech International	https://www.mantech.com/contact-us/	CONFIRMED	html
MDA-PartnerWithUs@mail.mil	Missile Defense Agency (MDA)	https://www.mda.mil/business/	CONFIRMED	html
mda.sbir-sttr@mail.mil	MDA	https://www.mda.mil/business/index.html	CONFIRMED	html
mda.outreach@mail.mil	MDA	https://www.mda.mil/business/index.html	CONFIRMED	html
mda.info@mda.mil	Missile Defense Agency (MDA)	https://www.mda.mil/business/small_business.html	CONFIRMED	html
NSEC@mitre.org	MITRE	https://www.mitre.org/contact-us	CONFIRMED	html
contracts@mitre.org	MITRE	https://www.mitre.org/contact-us	CONFIRMED	html
GovernmentRelations@mitre.org	MITRE	https://www.mitre.org/contact-us	CONFIRMED	html
techtransfer@mitre.org	MITRE	https://www.mitre.org/our-impact/intellectual-property/augmented-reality-guidance-system-args	CONFIRMED	html
website@mrcy.com	Mercury Systems	https://www.mrcy.com/contact	CONFIRMED	html
j.papile@coloradoapex.org	Colorado APEX Accelerators – Fort Collins Office	https://www.napex.us/location/colorado-apex-accelerators-fort-collins-office/	NOT-ON-PAGE	html
b.taylor@coloradoapex.org	Colorado APEX Accelerators – HQ	https://www.napex.us/location/colorado-apex-accelerators-hq/	NOT-ON-PAGE	html
coc@epcc.edu	Contract Opportunities Center APEX Accelerator	https://www.napex.us/location/contract-opportunities-center-apex-accelerator/	NOT-ON-PAGE	html
DSLBD.APEX@dc.gov	DC Department of Small and Local Business Development	https://www.napex.us/location/dc-department-of-small-and-local-business-development/	NOT-ON-PAGE	html
gtpacatl@innovate.gatech.edu	Georgia Tech APEX Accelerator – Albany	https://www.napex.us/location/georgia-tech-apex-accelerator-albany/	NOT-ON-PAGE	html
gtapex@innovate.gatech.edu	Georgia Tech APEX Accelerator – Atlanta HQ	https://www.napex.us/location/georgia-tech-apex-accelerator-atlanta-hq/	NOT-ON-PAGE	html
illinoissbdc@chinesemutualaid.org	Illinois APEX Accelerator – Chinese Mutual Aid Association	https://www.napex.us/location/illinois-apex-accelerator-chinese-mutual-aid-association/	NOT-ON-PAGE	html
chollingsworth@jbs.edu	Illinois APEX Accelerator – Joseph Center	https://www.napex.us/location/illinois-apex-accelerator-joseph-center/	NOT-ON-PAGE	html
christopher.cooks@southlanddevelopment.org	Illinois APEX Accelerator – Southland Development Authority	https://www.napex.us/location/illinois-apex-accelerator-southland-development-authority/	NOT-ON-PAGE	html
dbeasley@wbdc.org	Illinois APEX Accelerator – Women’s Business Development Center	https://www.napex.us/location/illinois-apex-accelerator-womens-business-development-center/	NOT-ON-PAGE	html
IEAPEXAccelerator@rccd.edu	Inland Empire APEX Accelerator – Norco, CA	https://www.napex.us/location/inland-empire-apex-accelerator-norco-ca/	NOT-ON-PAGE	html
jariapex@jari.com	Johnstown Area Regional Industries (JARI) APEX Accelerator	https://www.napex.us/location/johnstown-area-regional-industries-jari-apex-accelerator/	NOT-ON-PAGE	html
nmapex@sfcc.edu	New Mexico APEX Accelerator – Albuquerque (Albuquerque Hispano Chamber of Commerce)	https://www.napex.us/location/new-mexico-apex-accelerator-albuquerque-albuquerque-hispano-chamber-of-commerce/	NOT-ON-PAGE	html
elythia.mcanarney@sfcc.edu	New Mexico APEX Accelerator – Albuquerque (CNM Workforce Training Center)	https://www.napex.us/location/new-mexico-apex-accelerator-albuquerque-cnm-workforce-training-center/	NOT-ON-PAGE	html
karen.medina1@sfcc.edu	New Mexico APEX Accelerator – Las Cruces	https://www.napex.us/location/new-mexico-apex-accelerator-las-cruces/	NOT-ON-PAGE	html
gillis.lang@sfcc.edu	New Mexico APEX Accelerator – Santa Fe (SFCC Higher Education Center)	https://www.napex.us/location/new-mexico-apex-accelerator-santa-fe-sfcc-higher-education-center/	NOT-ON-PAGE	html
ndapex@und.edu	North Dakota APEX Accelerator – Fargo	https://www.napex.us/location/north-dakota-apex-accelerator-fargo/	NOT-ON-PAGE	html
david.kleppe@und.edu	North Dakota APEX Accelerator – Grand Forks	https://www.napex.us/location/north-dakota-apex-accelerator-grand-forks/	NOT-ON-PAGE	html
rvalentine@nwnc.org	Northwest Native APEX Accelerator	https://www.napex.us/location/northwest-native-apex-accelerator/	NOT-ON-PAGE	html
nwtapex@ttu.edu	NW Texas APEX Accelerator – Abilene	https://www.napex.us/location/nw-texas-apex-accelerator-abilene/	NOT-ON-PAGE	html
nwtptac@ttu.edu	NW Texas APEX Accelerator Center – Amarillo	https://www.napex.us/location/nw-texas-apex-accelerator-center-amarillo/	NOT-ON-PAGE	html
ohioapex@development.ohio.gov	Ohio APEX Accelerator – HQ	https://www.napex.us/location/ohio-apex-accelerator-hq/	NOT-ON-PAGE	html
tsanceriah@gctech.edu	Oklahoma APEX Accelerator – Gordon Cooper Technology Center	https://www.napex.us/location/oklahoma-apex-accelerator-gordon-cooper-technology-center/	NOT-ON-PAGE	html
ebentley@greatplains.edu	Oklahoma APEX Accelerator – Great Plains Technology Center	https://www.napex.us/location/oklahoma-apex-accelerator-great-plains-technology-center/	NOT-ON-PAGE	html
okapex@careertech.ok.gov	Oklahoma APEX Accelerator – HQ	https://www.napex.us/location/oklahoma-apex-accelerator-hq/	NOT-ON-PAGE	html
amanda.johnson@ictech.edu	Oklahoma APEX Accelerator – Indian Capital Technology Center	https://www.napex.us/location/oklahoma-apex-accelerator-indian-capital-technology-center/	NOT-ON-PAGE	html
rdegiacomo@ktc.edu	Oklahoma APEX Accelerator – Kiamichi Technology Center	https://www.napex.us/location/oklahoma-apex-accelerator-kiamichi-technology-center/	NOT-ON-PAGE	html
elena.troya@metrotech.edu	Oklahoma APEX Accelerator – Metro Tech Centers	https://www.napex.us/location/oklahoma-apex-accelerator-metro-tech-centers/	NOT-ON-PAGE	html
leeannab@pioneertech.edu	Oklahoma APEX Accelerator – Pioneer Technology Center	https://www.napex.us/location/oklahoma-apex-accelerator-pioneer-technology-center/	NOT-ON-PAGE	html
rpipkin@rrtc.edu	Oklahoma APEX Accelerator – Red River Technology Center	https://www.napex.us/location/oklahoma-apex-accelerator-red-river-technology-center/	NOT-ON-PAGE	html
lsnapp@swtech.edu	Oklahoma APEX Accelerator – Southwest Technology Center	https://www.napex.us/location/oklahoma-apex-accelerator-southwest-technology-center/	NOT-ON-PAGE	html
cindy.jackson@tulsatech.edu	Oklahoma APEX Accelerator – Tulsa Technology Center	https://www.napex.us/location/oklahoma-apex-accelerator-tulsa-technology-center/	NOT-ON-PAGE	html
fecc@ddec.pr.gov	Puerto Rico Federal Contracting Center	https://www.napex.us/location/puerto-rico-federal-contracting-center/	NOT-ON-PAGE	html
rcac@rcacwv.com	Regional Contracting Assistance Center, Inc. (RCAC) APEX Accelerator – Eastern Counties	https://www.napex.us/location/regional-contracting-assistance-center-inc-rcac-apex-accelerator-eastern-counties/	NOT-ON-PAGE	html
swcapexsocal@swccd.edu	San Diego, Orange, Imperial APEX Accelerator	https://www.napex.us/location/san-diego-orange-imperial-apex-accelerator/	NOT-ON-PAGE	html
sedapta@seda-cog.org	SEDA-COG APEX Accelerator	https://www.napex.us/location/seda-cog-apex-accelerator/	NOT-ON-PAGE	html
mike@acceleratejacksoncounty.org	South Central Michigan APEX Accelerator	https://www.napex.us/location/south-central-michigan-apex-accelerator/	NOT-ON-PAGE	html
ameyer@wrbsc.com	South Dakota APEX Accelerator – Rapid City	https://www.napex.us/location/south-dakota-apex-accelerator-rapid-city/	NOT-ON-PAGE	html
SEPA-APEX@kutztown.edu	Southeast Pennsylvania APEX Accelerator (SEPA APEX) – HQ	https://www.napex.us/location/southeast-pennsylvania-apex-accelerator-sepa-apex-hq/	NOT-ON-PAGE	html
jutta.bangs@tennessee.edu	Tennessee APEX Accelerator – East Tennessee Office	https://www.napex.us/location/tennessee-apex-accelerator-east-tennessee-office/	NOT-ON-PAGE	html
debbie.barber@tennessee.edu	Tennessee APEX Accelerator – Middle Tennessee Office	https://www.napex.us/location/tennessee-apex-accelerator-middle-tennessee-office/	NOT-ON-PAGE	html
veronica.clark@tennessee.edu	Tennessee APEX Accelerator – West Tennessee Office	https://www.napex.us/location/tennessee-apex-accelerator-west-tennessee-office/	NOT-ON-PAGE	html
tgi@tgiok.com	Tribal Government Institute APEX Accelerator	https://www.napex.us/location/tribal-government-institute-apex-accelerator/	NOT-ON-PAGE	html
wblaney@udel.edu	University of Delaware APEX Accelerator – New Castle County HQ	https://www.napex.us/location/university-of-delaware-apex-accelerator-new-castle-county-hq/	NOT-ON-PAGE	html
uhapex@central.uh.edu	University of Houston APEX Accelerator	https://www.napex.us/location/university-of-houston-apex-accelerator/	NOT-ON-PAGE	html
crosstimbers@uta.edu	University of Texas at Arlington Cross Timbers APEX Accelerator	https://www.napex.us/location/university-of-texas-at-arlington-cross-timbers-apex-accelerator/	NOT-ON-PAGE	html
cspence@utah.gov	Utah APEX Accelerator – Salt Lake HQ	https://www.napex.us/location/utah-apex-accelerator-salt-lake-hq/	NOT-ON-PAGE	html
jcwiggins@utah.gov	Utah APEX Accelerator – St. George	https://www.napex.us/location/utah-apex-accelerator-st-george/	NOT-ON-PAGE	html
Babette.Rossignol@vermont.gov	Vermont APEX Accelerator – Burlington Office	https://www.napex.us/location/vermont-apex-accelerator-burlington-office/	NOT-ON-PAGE	html
ACCD.APEXInfo@vermont.gov	Vermont APEX Accelerator – Montpelier HQ	https://www.napex.us/location/vermont-apex-accelerator-montpelier-hq/	NOT-ON-PAGE	html
Brenda.Plastridge@vermont.gov	Vermont APEX Accelerator – Newport Office	https://www.napex.us/location/vermont-apex-accelerator-newport-office/	NOT-ON-PAGE	html
Elizabeth.Adams@vermont.gov	Vermont APEX Accelerator – Rutland Office	https://www.napex.us/location/vermont-apex-accelerator-rutland-office/	NOT-ON-PAGE	html
Ed.Williams@vermont.gov	Vermont APEX Accelerator – Springfield Office	https://www.napex.us/location/vermont-apex-accelerator-springfield-office/	NOT-ON-PAGE	html
viapex@uvi.edu	Virgin Islands APEX Accelerator – St Thomas HQ	https://www.napex.us/location/virgin-islands-apex-accelerator-st-thomas-hq/	NOT-ON-PAGE	html
ainav@wispro.org	Wisconsin Procurement Institute WI APEX Accelerator	https://www.napex.us/location/wisconsin-procurement-institute-wi-apex-accelerator/	NOT-ON-PAGE	html
wyapex@uwyo.edu	Wyoming APEX Accelerator – HQ	https://www.napex.us/location/wyoming-apex-accelerator-hq/	NOT-ON-PAGE	html
NAVFACOSBP@us.navy.mil	Naval Facilities Engineering Systems Command (NAVFAC)	https://www.navfac.navy.mil/Divisions/Office-of-Small-Business-Programs/Contact-Us/	CONFIRMED	html
navwarsbo.fct@navy.mil	US Navy (NAVWAR)	https://www.ndia-sd.org/wp-content/uploads/2020/07/Dan-Deconzo-23-July-OSBP-Brief.pdf	CONFIRMED	pdf
daniel.deconzo@navy.mil	US Navy (NAVWAR)	https://www.ndia-sd.org/wp-content/uploads/2020/07/Dan-Deconzo-23-July-OSBP-Brief.pdf	CONFIRMED	pdf
angela.king@navy.mil	US Navy (NAVWAR)	https://www.ndia-sd.org/wp-content/uploads/2020/07/Dan-Deconzo-23-July-OSBP-Brief.pdf	CONFIRMED	pdf
tuan.doan@navy.mil	US Navy (NAVWAR)	https://www.ndia-sd.org/wp-content/uploads/2020/07/Dan-Deconzo-23-July-OSBP-Brief.pdf	CONFIRMED	pdf
caleb.foster@navy.mil	US Navy (NAVWAR)	https://www.ndia-sd.org/wp-content/uploads/2020/07/Dan-Deconzo-23-July-OSBP-Brief.pdf	CONFIRMED	pdf
ssclant.osbp@navy.mil	US Navy (NIWC Atlantic)	https://www.ndia-sd.org/wp-content/uploads/2020/07/Dan-Deconzo-23-July-OSBP-Brief.pdf	CONFIRMED	pdf
robin.rourk@navy.mil	US Navy (NIWC Atlantic)	https://www.ndia-sd.org/wp-content/uploads/2020/07/Dan-Deconzo-23-July-OSBP-Brief.pdf	CONFIRMED	pdf
Elizabeth.cecchetti@navy.mil	US Navy (NIWC Atlantic)	https://www.ndia-sd.org/wp-content/uploads/2020/07/Dan-Deconzo-23-July-OSBP-Brief.pdf	CONFIRMED	pdf
ida.lirette@navy.mil	US Navy (NIWC Atlantic)	https://www.ndia-sd.org/wp-content/uploads/2020/07/Dan-Deconzo-23-July-OSBP-Brief.pdf	CONFIRMED	pdf
mary.lake@navy.mil	US Navy (NIWC Pacific)	https://www.ndia-sd.org/wp-content/uploads/2020/07/Dan-Deconzo-23-July-OSBP-Brief.pdf	CONFIRMED	pdf
IndustryEngagement@nga.mil	NGA	https://www.nga.mil/contact/Contact_Us.html	CONFIRMED	html
PublicRelease@nga.mil	National Geospatial-Intelligence Agency (NGA)	https://www.nga.mil/contact/Contact_Us.html	CONFIRMED	html
Academia@nga.mil	NGA	https://www.nga.mil/contact/Contact_Us.html	CONFIRMED	html
PublicAffairs@nga.mil	NGA	https://www.nga.mil/contact/Contact_Us.html	CONFIRMED	html
mediarelations@nga.mil	NGA	https://www.nga.mil/contact/Contact_Us.html	CONFIRMED	html
NGAORTATeam@nga.mil	National Geospatial-Intelligence Agency (NGA)	https://www.nga.mil/resources/Work_With_Us.html	CONFIRMED	html
ventures@noblis.org	Noblis	https://www.noblis.org/contact/	NOT-ON-PAGE	html
answers@noblis.org	Noblis	https://www.noblis.org/contact/	NOT-ON-PAGE	html
NGASOSBP@ngc.com	Northrop Grumman (Aeronautics Systems)	https://www.northropgrumman.com/suppliers/OSBP	CONFIRMED	html
NGCSmallBusiness@ngc.com	Northrop Grumman (Corporate)	https://www.northropgrumman.com/suppliers/OSBP	CONFIRMED	html
NGDSSmallBusiness@ngc.com	Northrop Grumman (Defense Systems)	https://www.northropgrumman.com/suppliers/OSBP	CONFIRMED	html
NGMSSmallBusiness@ngc.com	Northrop Grumman (Mission Systems)	https://www.northropgrumman.com/suppliers/OSBP	CONFIRMED	html
NGSPOSBP@ngc.com	Northrop Grumman (Space Systems)	https://www.northropgrumman.com/suppliers/OSBP	CONFIRMED	html
vicky.harper-hall@ngc.com	Northrop Grumman (Aeronautics Systems)	https://www.northropgrumman.com/suppliers/resources	CONFIRMED	html
david.pollack@ngc.com	Northrop Grumman (Corporate)	https://www.northropgrumman.com/suppliers/resources	CONFIRMED	html
Kelly.Jones2@ngc.com	Northrop Grumman (Defense Systems)	https://www.northropgrumman.com/suppliers/resources	CONFIRMED	html
william.crosbie@ngc.com	Northrop Grumman (Mission Systems)	https://www.northropgrumman.com/suppliers/resources	CONFIRMED	html
robyn.seaton@ngc.com	Northrop Grumman (Space Systems)	https://www.northropgrumman.com/suppliers/resources	CONFIRMED	html
cybersecurity@parsons.com	Parsons	https://www.parsons.com/contact-us/	NOT-ON-PAGE	html
SupplierDiversity.Parsons@Parsons.com	Parsons Corporation	https://www.parsons.com/suppliers/small-business-program/	NOT-ON-PAGE	html
daniel.drummond@peraton.com	Peraton	https://www.peraton.com/innovation/	CONFIRMED	html
peratonsmallbusiness@peraton.com	Peraton	https://www.peraton.com/suppliers/supplier-partnerships	CONFIRMED	html
answerdesk@sba.gov	SBA Answer Desk	https://www.sba.gov/about-sba/organization/contact-sba/	CONFIRMED	html
sbampp@sba.gov	SBA Office of Government Contracting & Business Development	https://www.sba.gov/about-sba/organization/contact-sba/	CONFIRMED	html
hubzone@sba.gov	SBA Office of the HUBZone Program	https://www.sba.gov/about-sba/sba-locations/headquarters-offices	CONFIRMED	html
veteransbusiness@sba.gov	SBA Office of Veterans Business Development	https://www.sba.gov/about-sba/sba-locations/headquarters-offices	CONFIRMED	html
OED@sba.gov	SBA Office of Entrepreneurial Development	https://www.sba.gov/about-sba/sba-locations/headquarters/office-of-government-contracting-business-development/	CONFIRMED	html
faith@sba.gov	SBA Office of Government Contracting & Business Development	https://www.sba.gov/about-sba/sba-locations/headquarters/office-of-government-contracting-business-development/	CONFIRMED	html
certifications@sba.gov	SBA Office of Government Contracting & Business Development	https://www.sba.gov/about-sba/sba-locations/headquarters/office-of-government-contracting-business-development/	CONFIRMED	html
nmrwaivers@sba.gov	SBA Office of Government Contracting	https://www.sba.gov/contracting-officials/	CONFIRMED	html
sdvosbprotests@sba.gov	SBA Office of Government Contracting	https://www.sba.gov/contracting-officials/	CONFIRMED	html
contracting@sba.gov	https://www.sba.gov/federal-contracting/counseling-help/procurement-center-repre	https://www.sba.gov/federal-contracting/counseling-help/procurement-center-representative-directory	CONFIRMED	html
subcontracting@sba.gov	https://www.sba.gov/federal-contracting/counseling-help/procurement-center-repre	https://www.sba.gov/federal-contracting/counseling-help/procurement-center-representative-directory	CONFIRMED	html
nexus@sba.gov	SBA Office of Small Business Development Centers	https://www.sba.gov/for-partners/counselors/	CONFIRMED	html
BusinessSmart@sba.gov	SBA Office of Entrepreneurial Development	https://www.sba.gov/for-partners/counselors/	CONFIRMED	html
eSOF@socom.mil	U.S. Special Operations Command	https://www.socom.mil/Pages/Contact.aspx	CONFIRMED	html
osbp@socom.mil	U.S. Special Operations Command	https://www.socom.mil/Pages/Contact.aspx	CONFIRMED	html
portal@socom.mil	U.S. Special Operations Command	https://www.socom.mil/Pages/Contact.aspx	CONFIRMED	html
info@sofwerx.org	SOFWERX (USSOCOM)	https://www.sofwerx.org/contact/	CONFIRMED	html
alana.hymel@sofwerx.org	SOFWERX (USSOCOM)	https://www.sofwerx.org/events/	CONFIRMED	html
olivia.larounis@sofwerx.org	SOFWERX (USSOCOM)	https://www.sofwerx.org/events/	CONFIRMED	html
sarah.marks@sofwerx.org	SOFWERX (USSOCOM)	https://www.sofwerx.org/events/	CONFIRMED	html
claire.harmon@sofwerx.org	SOFWERX (USSOCOM)	https://www.sofwerx.org/events/	CONFIRMED	html
sbir@socom.mil	U.S. Special Operations Command	https://www.sofwerx.org/events/	CONFIRMED	html
amanda.roark@sofwerx.org	SOFWERX (USSOCOM)	https://www.sofwerx.org/tech-tuesday/	CONFIRMED	html
info@thundercattech.com	ThunderCat Technology	https://www.thundercattech.com/contact	CONFIRMED	html
success@tradewindai.com	DoW Chief Digital and Artificial Intelligence Office (CDAO)	https://www.tradewindai.com/opportunities	CONFIRMED	html
cwbeck@unomaha.edu	NBDC APEX Accelerator (Nebraska)	https://www.unomaha.edu/nebraska-business-development-center/about/consultant-directory/index.php	CONFIRMED	html
hsargus@unomaha.edu	NBDC APEX Accelerator (Nebraska)	https://www.unomaha.edu/nebraska-business-development-center/about/consultant-directory/index.php	CONFIRMED	html
mburesh@unomaha.edu	NBDC APEX Accelerator (Nebraska)	https://www.unomaha.edu/nebraska-business-development-center/about/consultant-directory/index.php	CONFIRMED	html
qfarley@unomaha.edu	NBDC APEX Accelerator (Nebraska)	https://www.unomaha.edu/nebraska-business-development-center/about/consultant-directory/index.php	CONFIRMED	html
terrymorgan@unomaha.edu	NBDC APEX Accelerator (Nebraska)	https://www.unomaha.edu/nebraska-business-development-center/about/consultant-directory/index.php	CONFIRMED	html
vdoga@unomaha.edu	NBDC APEX Accelerator (Nebraska)	https://www.unomaha.edu/nebraska-business-development-center/about/consultant-directory/index.php	CONFIRMED	html
DCSO.SmallBusiness@dla.mil	Defense Logistics Agency (DLA)	https://www.wispro.org/wp-content/uploads/2018/03/Copy-of-DLA-SB-Associate-Director-and-Specialist-list_.pdf	CONFIRMED	pdf
DLA.Distribution.OSBP@dla.mil	Defense Logistics Agency (DLA)	https://www.wispro.org/wp-content/uploads/2018/03/Copy-of-DLA-SB-Associate-Director-and-Specialist-list_.pdf	CONFIRMED	pdf
DLA.Energy.OSBP@dla.mil	Defense Logistics Agency (DLA)	https://www.wispro.org/wp-content/uploads/2018/03/Copy-of-DLA-SB-Associate-Director-and-Specialist-list_.pdf	CONFIRMED	pdf
DLAAVNSMALLBUS@dla.mil	Defense Logistics Agency (DLA)	https://www.wispro.org/wp-content/uploads/2018/03/Copy-of-DLA-SB-Associate-Director-and-Specialist-list_.pdf	CONFIRMED	pdf
DLATroopSupportSBO@dla.mil	Defense Logistics Agency (DLA)	https://www.wispro.org/wp-content/uploads/2018/03/Copy-of-DLA-SB-Associate-Director-and-Specialist-list_.pdf	CONFIRMED	pdf
DSCC.bcc@dla.mil	Defense Logistics Agency (DLA)	https://www.wispro.org/wp-content/uploads/2018/03/Copy-of-DLA-SB-Associate-Director-and-Specialist-list_.pdf	CONFIRMED	pdf
christopher.hall@dla.mil	Defense Logistics Agency (DLA)	https://www.wispro.org/wp-content/uploads/2018/03/Copy-of-DLA-SB-Associate-Director-and-Specialist-list_.pdf	CONFIRMED	pdf
carrie.booth@dla.mil	Defense Logistics Agency (DLA)	https://www.wispro.org/wp-content/uploads/2018/03/Copy-of-DLA-SB-Associate-Director-and-Specialist-list_.pdf	CONFIRMED	pdf
rosita.carosella@dla.mil	Defense Logistics Agency (DLA)	https://www.wispro.org/wp-content/uploads/2018/03/Copy-of-DLA-SB-Associate-Director-and-Specialist-list_.pdf	CONFIRMED	pdf
jessica.gonzales@dla.mil	Defense Logistics Agency (DLA)	https://www.wispro.org/wp-content/uploads/2018/03/Copy-of-DLA-SB-Associate-Director-and-Specialist-list_.pdf	CONFIRMED	pdf
vicki.hahn@dla.mil	Defense Logistics Agency (DLA)	https://www.wispro.org/wp-content/uploads/2018/03/Copy-of-DLA-SB-Associate-Director-and-Specialist-list_.pdf	CONFIRMED	pdf
aggie.gallagher@dla.mil	Defense Logistics Agency (DLA)	https://www.wispro.org/wp-content/uploads/2018/03/Copy-of-DLA-SB-Associate-Director-and-Specialist-list_.pdf	CONFIRMED	pdf
alandra.jones@dla.mil	Defense Logistics Agency (DLA)	https://www.wispro.org/wp-content/uploads/2018/03/Copy-of-DLA-SB-Associate-Director-and-Specialist-list_.pdf	CONFIRMED	pdf
sherry.savage@dla.mil	Defense Logistics Agency (DLA)	https://www.wispro.org/wp-content/uploads/2018/03/Copy-of-DLA-SB-Associate-Director-and-Specialist-list_.pdf	CONFIRMED	pdf
natalie.ross@dla.mil	Defense Logistics Agency (DLA)	https://www.wispro.org/wp-content/uploads/2018/03/Copy-of-DLA-SB-Associate-Director-and-Specialist-list_.pdf	CONFIRMED	pdf
yolanda.mccauley@dla.mil	Defense Logistics Agency (DLA)	https://www.wispro.org/wp-content/uploads/2018/03/Copy-of-DLA-SB-Associate-Director-and-Specialist-list_.pdf	CONFIRMED	pdf
robin.reesweber@dla.mil	Defense Logistics Agency (DLA)	https://www.wispro.org/wp-content/uploads/2018/03/Copy-of-DLA-SB-Associate-Director-and-Specialist-list_.pdf	CONFIRMED	pdf
ellis.anderson@dla.mil	Defense Logistics Agency (DLA)	https://www.wispro.org/wp-content/uploads/2018/03/Copy-of-DLA-SB-Associate-Director-and-Specialist-list_.pdf	CONFIRMED	pdf
coleen.mccormick@dla.mil	Defense Logistics Agency (DLA)	https://www.wispro.org/wp-content/uploads/2018/03/Copy-of-DLA-SB-Associate-Director-and-Specialist-list_.pdf	CONFIRMED	pdf
james.secrist@dla.mil	Defense Logistics Agency (DLA)	https://www.wispro.org/wp-content/uploads/2018/03/Copy-of-DLA-SB-Associate-Director-and-Specialist-list_.pdf	CONFIRMED	pdf
bradley.holtzapple@dla.mil	Defense Logistics Agency (DLA)	https://www.wispro.org/wp-content/uploads/2018/03/Copy-of-DLA-SB-Associate-Director-and-Specialist-list_.pdf	CONFIRMED	pdf
Carlo.Daleo@dla.mil	Defense Logistics Agency (DLA)	https://www.wispro.org/wp-content/uploads/2018/03/Copy-of-DLA-SB-Associate-Director-and-Specialist-list_.pdf	CONFIRMED	pdf
kevin.scoles@dla.mil	Defense Logistics Agency (DLA)	https://www.wispro.org/wp-content/uploads/2018/03/Copy-of-DLA-SB-Associate-Director-and-Specialist-list_.pdf	CONFIRMED	pdf
donna.brino-blackwell@dla.mil	Defense Logistics Agency (DLA)	https://www.wispro.org/wp-content/uploads/2018/03/Copy-of-DLA-SB-Associate-Director-and-Specialist-list_.pdf	CONFIRMED	pdf
ryan.snyder@dla.mil	Defense Logistics Agency (DLA)	https://www.wispro.org/wp-content/uploads/2018/03/Copy-of-DLA-SB-Associate-Director-and-Specialist-list_.pdf	CONFIRMED	pdf
earl.madison@dla.mil	Defense Logistics Agency (DLA)	https://www.wispro.org/wp-content/uploads/2018/03/Copy-of-DLA-SB-Associate-Director-and-Specialist-list_.pdf	CONFIRMED	pdf
joshua.anderson@dla.mil	Defense Logistics Agency (DLA)	https://www.wispro.org/wp-content/uploads/2018/03/Copy-of-DLA-SB-Associate-Director-and-Specialist-list_.pdf	CONFIRMED	pdf
david.bisel@dla.mil	Defense Logistics Agency (DLA)	https://www.wispro.org/wp-content/uploads/2018/03/Copy-of-DLA-SB-Associate-Director-and-Specialist-list_.pdf	CONFIRMED	pdf
joshua.bourne@dla.mil	Defense Logistics Agency (DLA)	https://www.wispro.org/wp-content/uploads/2018/03/Copy-of-DLA-SB-Associate-Director-and-Specialist-list_.pdf	CONFIRMED	pdf
thomas.comeans@dla.mil	Defense Logistics Agency (DLA)	https://www.wispro.org/wp-content/uploads/2018/03/Copy-of-DLA-SB-Associate-Director-and-Specialist-list_.pdf	CONFIRMED	pdf
jonathan.ferguson@dla.mil	Defense Logistics Agency (DLA)	https://www.wispro.org/wp-content/uploads/2018/03/Copy-of-DLA-SB-Associate-Director-and-Specialist-list_.pdf	CONFIRMED	pdf
shalisa.dunn@dla.mil	Defense Logistics Agency (DLA)	https://www.wispro.org/wp-content/uploads/2018/03/Copy-of-DLA-SB-Associate-Director-and-Specialist-list_.pdf	CONFIRMED	pdf
john.henley@dla.mil	Defense Logistics Agency (DLA)	https://www.wispro.org/wp-content/uploads/2018/03/Copy-of-DLA-SB-Associate-Director-and-Specialist-list_.pdf	CONFIRMED	pdf
crystal.ober@dla.mil	Defense Logistics Agency (DLA)	https://www.wispro.org/wp-content/uploads/2018/03/Copy-of-DLA-SB-Associate-Director-and-Specialist-list_.pdf	CONFIRMED	pdf
lecitia.evans@dla.mil	Defense Logistics Agency (DLA)	https://www.wispro.org/wp-content/uploads/2018/03/Copy-of-DLA-SB-Associate-Director-and-Specialist-list_.pdf	CONFIRMED	pdf
debra.williams@dla.mil	Defense Logistics Agency (DLA)	https://www.wispro.org/wp-content/uploads/2018/03/Copy-of-DLA-SB-Associate-Director-and-Specialist-list_.pdf	CONFIRMED	pdf
Judy.Beavers@dla.mil	Defense Logistics Agency (DLA)	https://www.wispro.org/wp-content/uploads/2018/03/Copy-of-DLA-SB-Associate-Director-and-Specialist-list_.pdf	CONFIRMED	pdf
carla.cole@dla.mil	Defense Logistics Agency (DLA)	https://www.wispro.org/wp-content/uploads/2018/03/Copy-of-DLA-SB-Associate-Director-and-Specialist-list_.pdf	CONFIRMED	pdf
franklin.holland@us.af.mil	Defense Logistics Agency (DLA)	https://www.wispro.org/wp-content/uploads/2018/03/Copy-of-DLA-SB-Associate-Director-and-Specialist-list_.pdf	CONFIRMED	pdf
benjamin.r.jones@dla.mil	Defense Logistics Agency (DLA)	https://www.wispro.org/wp-content/uploads/2018/03/Copy-of-DLA-SB-Associate-Director-and-Specialist-list_.pdf	CONFIRMED	pdf
william.cosenza@dla.mil	Defense Logistics Agency (DLA)	https://www.wispro.org/wp-content/uploads/2018/03/Copy-of-DLA-SB-Associate-Director-and-Specialist-list_.pdf	CONFIRMED	pdf
michael.wood@dla.mil	Defense Logistics Agency (DLA)	https://www.wispro.org/wp-content/uploads/2018/03/Copy-of-DLA-SB-Associate-Director-and-Specialist-list_.pdf	CONFIRMED	pdf
allen.ellery@dla.mil	Defense Logistics Agency (DLA)	https://www.wispro.org/wp-content/uploads/2018/03/Copy-of-DLA-SB-Associate-Director-and-Specialist-list_.pdf	CONFIRMED	pdf
sherry.mitchell@dla.mil	Defense Logistics Agency (DLA)	https://www.wispro.org/wp-content/uploads/2018/03/Copy-of-DLA-SB-Associate-Director-and-Specialist-list_.pdf	CONFIRMED	pdf
jennifer.wrenn@dla.mil	Defense Logistics Agency (DLA)	https://www.wispro.org/wp-content/uploads/2018/03/Copy-of-DLA-SB-Associate-Director-and-Specialist-list_.pdf	CONFIRMED	pdf
michael.mccall@dla.mil	Defense Logistics Agency (DLA)	https://www.wispro.org/wp-content/uploads/2018/03/Copy-of-DLA-SB-Associate-Director-and-Specialist-list_.pdf	CONFIRMED	pdf
tyrone.lyles@dla.mil	Defense Logistics Agency (DLA)	https://www.wispro.org/wp-content/uploads/2018/03/Copy-of-DLA-SB-Associate-Director-and-Specialist-list_.pdf	CONFIRMED	pdf
joann.gatica@dla.mil	Defense Logistics Agency (DLA)	https://www.wispro.org/wp-content/uploads/2018/03/Copy-of-DLA-SB-Associate-Director-and-Specialist-list_.pdf	CONFIRMED	pdf
debbie.beller@dla.mil	Defense Logistics Agency (DLA)	https://www.wispro.org/wp-content/uploads/2018/03/Copy-of-DLA-SB-Associate-Director-and-Specialist-list_.pdf	CONFIRMED	pdf
paul.rooney@dla.mil	Defense Logistics Agency (DLA)	https://www.wispro.org/wp-content/uploads/2018/03/Copy-of-DLA-SB-Associate-Director-and-Specialist-list_.pdf	CONFIRMED	pdf
mark.s.smith@dla.mil	Defense Logistics Agency (DLA)	https://www.wispro.org/wp-content/uploads/2018/03/Copy-of-DLA-SB-Associate-Director-and-Specialist-list_.pdf	CONFIRMED	pdf
patrick.damico@dla.mil	Defense Logistics Agency (DLA)	https://www.wispro.org/wp-content/uploads/2018/03/Copy-of-DLA-SB-Associate-Director-and-Specialist-list_.pdf	CONFIRMED	pdf
gregory.thevenin@dla.mil	Defense Logistics Agency (DLA)	https://www.wispro.org/wp-content/uploads/2018/03/Copy-of-DLA-SB-Associate-Director-and-Specialist-list_.pdf	CONFIRMED	pdf
robert.mitchell@dla.mil	Defense Logistics Agency (DLA)	https://www.wispro.org/wp-content/uploads/2018/03/Copy-of-DLA-SB-Associate-Director-and-Specialist-list_.pdf	CONFIRMED	pdf
garrell.armstrong@dla.mil	Defense Logistics Agency (DLA)	https://www.wispro.org/wp-content/uploads/2018/03/Copy-of-DLA-SB-Associate-Director-and-Specialist-list_.pdf	CONFIRMED	pdf
sheila.mcclain@dla.mil	Defense Logistics Agency (DLA)	https://www.wispro.org/wp-content/uploads/2018/03/Copy-of-DLA-SB-Associate-Director-and-Specialist-list_.pdf	CONFIRMED	pdf
virginia.broadnax@dla.mil	Defense Logistics Agency (DLA)	https://www.wispro.org/wp-content/uploads/2018/03/Copy-of-DLA-SB-Associate-Director-and-Specialist-list_.pdf	CONFIRMED	pdf
shepeta.allen@dla.mil	Defense Logistics Agency (DLA)	https://www.wispro.org/wp-content/uploads/2018/03/Copy-of-DLA-SB-Associate-Director-and-Specialist-list_.pdf	CONFIRMED	pdf
janel.thompson@dla.mil	Defense Logistics Agency (DLA)	https://www.wispro.org/wp-content/uploads/2018/03/Copy-of-DLA-SB-Associate-Director-and-Specialist-list_.pdf	CONFIRMED	pdf
ernest.easter@dla.mil	Defense Logistics Agency (DLA)	https://www.wispro.org/wp-content/uploads/2018/03/Copy-of-DLA-SB-Associate-Director-and-Specialist-list_.pdf	CONFIRMED	pdf
sheryl.woods@dla.mil	Defense Logistics Agency (DLA)	https://www.wispro.org/wp-content/uploads/2018/03/Copy-of-DLA-SB-Associate-Director-and-Specialist-list_.pdf	CONFIRMED	pdf
cathy.hampton@dla.mil	Defense Logistics Agency (DLA)	https://www.wispro.org/wp-content/uploads/2018/03/Copy-of-DLA-SB-Associate-Director-and-Specialist-list_.pdf	CONFIRMED	pdf
denise.price@dla.mil	Defense Logistics Agency (DLA)	https://www.wispro.org/wp-content/uploads/2018/03/Copy-of-DLA-SB-Associate-Director-and-Specialist-list_.pdf	CONFIRMED	pdf
